timestamp,exchange,bid,ask,bid_vol,ask_vol
2025-07-25T08:37:43.983834,bitrue,115226.51,115226.52,2.8775,9.8501
2025-07-25T08:37:43.983903,bitrue,115226.51,115226.52,2.8775,9.8501
2025-07-25T08:37:44.213778,blofin,115232.0,115232.1,20680.0,248.0
2025-07-25T08:37:44.317083,bitmart,115212.6,115212.7,10608.0,10687.0
2025-07-25T08:37:44.660552,blofin,115232.0,115232.1,20680.0,248.0
2025-07-25T08:37:45.144731,blofin,115238.7,115238.8,18882.0,7.0
2025-07-25T08:37:45.376536,bitmart,115212.6,115212.7,12417.0,9439.0
2025-07-25T08:37:45.662250,blofin,115238.7,115238.8,16886.0,6042.0
2025-07-25T08:37:45.984137,bitrue,115229.99,115230.0,7.5841,0.0605
2025-07-25T08:37:46.163686,blofin,115238.7,115238.8,16886.0,6042.0
2025-07-25T08:37:46.341775,bitmart,115204.0,115204.1,11286.0,10686.0
2025-07-25T08:37:46.650903,blofin,115238.7,115238.8,12405.0,724.0
2025-07-25T08:37:47.187428,blofin,115234.4,115234.5,4355.0,32229.0
2025-07-25T08:37:47.384853,bitmart,115204.0,115204.1,11612.0,10693.0
2025-07-25T08:37:47.652576,blofin,115234.4,115234.5,4355.0,32229.0
2025-07-25T08:37:48.075004,bitrue,115220.72,115220.73,4.9855,15.2779
2025-07-25T08:37:48.158279,blofin,115234.4,115234.5,4355.0,32229.0
2025-07-25T08:37:48.353269,bitmart,115212.1,115212.2,9988.0,3484.0
2025-07-25T08:37:48.646731,blofin,115238.6,115238.7,10330.0,1644.0
2025-07-25T08:37:49.198454,blofin,115238.6,115238.7,10330.0,1644.0
2025-07-25T08:37:49.368876,bitmart,115219.5,115219.6,8818.0,654.0
2025-07-25T08:37:49.652292,blofin,115242.6,115242.7,45297.0,245.0
2025-07-25T08:37:50.171118,bitrue,115229.99,115230.0,11.3318,0.0605
2025-07-25T08:37:50.226161,blofin,115242.6,115242.7,35330.0,31.0
2025-07-25T08:37:50.361538,bitmart,115225.4,115225.5,437.0,281.0
2025-07-25T08:37:50.647472,blofin,115242.6,115242.7,35330.0,31.0
2025-07-25T08:37:51.165014,blofin,115242.6,115242.7,35330.0,31.0
2025-07-25T08:37:51.219237,bitrue,115229.99,115230.0,11.3318,0.0605
2025-07-25T08:37:51.301730,bitmart,115210.6,115210.7,83.0,16496.0
2025-07-25T08:37:51.656168,blofin,115234.6,115234.7,3040.0,16269.0
2025-07-25T08:37:52.152407,blofin,115234.6,115234.7,3040.0,16269.0
2025-07-25T08:37:52.266710,bitrue,115223.32,115223.33,0.0792,6.849
2025-07-25T08:37:52.327026,bitmart,115210.6,115210.7,434.0,16318.0
2025-07-25T08:37:52.653923,blofin,115234.6,115234.7,5501.0,19781.0
2025-07-25T08:37:53.210274,blofin,115234.6,115234.7,5501.0,19781.0
2025-07-25T08:37:53.379096,bitmart,115198.3,115210.7,194.0,12620.0
2025-07-25T08:37:53.653605,blofin,115234.6,115234.7,5501.0,19781.0
2025-07-25T08:37:54.200041,blofin,115222.2,115222.7,7535.0,17822.0
2025-07-25T08:37:54.353436,bitmart,115202.0,115202.1,9611.0,2492.0
2025-07-25T08:37:54.363957,bitrue,115223.32,115223.33,0.0792,6.849
2025-07-25T08:37:54.653717,blofin,115222.2,115222.3,6221.0,14052.3
2025-07-25T08:37:55.207480,blofin,115222.2,115222.3,6221.0,14052.3
2025-07-25T08:37:55.329574,bitmart,115210.5,115233.7,61.0,398.0
2025-07-25T08:37:55.648224,blofin,115222.2,115222.3,7528.0,2696.0
2025-07-25T08:37:56.229854,blofin,115237.4,115237.5,5103.0,6169.0
2025-07-25T08:37:56.343929,bitmart,115210.5,115210.6,13626.0,2889.0
2025-07-25T08:37:56.461695,bitrue,115230.23,115230.24,2.3737,14.9096
2025-07-25T08:37:56.658679,blofin,115237.4,115237.5,5103.0,6169.0
2025-07-25T08:37:57.184158,blofin,115237.4,115237.5,5100.0,6169.0
2025-07-25T08:37:57.345653,bitmart,115210.5,115210.6,7308.0,11130.0
2025-07-25T08:37:57.505672,bitrue,115230.23,115230.24,2.3737,14.9096
2025-07-25T08:37:57.655687,blofin,115237.4,115237.5,5100.0,6169.0
2025-07-25T08:37:58.167868,blofin,115233.2,115233.3,272.0,11367.0
2025-07-25T08:37:58.313822,bitmart,115200.8,115210.6,239.0,13205.0
2025-07-25T08:37:58.653572,blofin,115222.2,115222.3,2630.0,19373.0
2025-07-25T08:37:59.191181,blofin,115222.2,115222.3,2630.0,19373.0
2025-07-25T08:37:59.314881,bitmart,115183.8,115183.9,10.0,12126.0
2025-07-25T08:37:59.601429,bitrue,115230.23,115230.24,2.3737,14.9096
2025-07-25T08:37:59.653143,blofin,115208.2,115208.3,4792.0,23993.0
2025-07-25T08:38:00.189213,blofin,115208.2,115208.3,4792.0,23993.0
2025-07-25T08:38:00.328406,bitmart,115183.8,115183.9,175.0,13641.0
2025-07-25T08:38:00.650758,blofin,115208.2,115208.3,4061.0,13459.0
2025-07-25T08:38:00.771673,bitrue,115204.09,115204.1,1.2053,8.6902
2025-07-25T08:38:01.187307,blofin,115208.2,115208.3,4061.0,13459.0
2025-07-25T08:38:01.350359,bitmart,115171.7,115171.8,502.0,8211.0
2025-07-25T08:38:01.666091,blofin,115207.0,115207.1,3398.0,9910.0
2025-07-25T08:38:01.815703,bitrue,115204.08,115204.1,0.0007,8.6902
2025-07-25T08:38:02.251582,blofin,115207.0,115207.1,2966.0,7211.0
2025-07-25T08:38:02.344682,bitmart,115171.7,115171.8,391.0,10219.0
2025-07-25T08:38:02.660437,blofin,115207.0,115207.1,2966.0,7211.0
2025-07-25T08:38:03.215978,blofin,115207.0,115207.1,2961.6,7211.0
2025-07-25T08:38:03.346680,bitmart,115171.7,115171.8,442.0,10700.0
2025-07-25T08:38:03.655569,blofin,115207.0,115207.1,1138.0,7450.0
2025-07-25T08:38:03.906288,bitrue,115204.07,115204.08,0.2744,27.1246
2025-07-25T08:38:04.184208,blofin,115207.0,115207.1,1138.0,7450.0
2025-07-25T08:38:04.353152,bitmart,115171.7,115171.8,281.0,10700.0
2025-07-25T08:38:04.654471,blofin,115207.0,115207.1,974.0,7585.0
2025-07-25T08:38:05.202900,blofin,115205.8,115205.9,674.0,15779.0
2025-07-25T08:38:05.389169,bitmart,115171.7,115171.8,264.0,11813.0
2025-07-25T08:38:05.651057,blofin,115205.8,115205.9,674.0,15779.0
2025-07-25T08:38:06.039113,bitrue,115204.07,115204.08,0.2744,27.1246
2025-07-25T08:38:06.157189,blofin,115204.3,115204.4,793.0,21552.0
2025-07-25T08:38:06.345085,bitmart,115171.7,115171.8,264.0,11038.0
2025-07-25T08:38:06.652265,blofin,115204.3,115204.4,25.0,26853.0
2025-07-25T08:38:07.176691,blofin,115204.3,115204.4,25.0,26853.0
2025-07-25T08:38:07.375279,bitmart,115171.7,115171.8,293.0,11128.0
2025-07-25T08:38:07.651270,blofin,115200.0,115200.1,58.5,254.0
2025-07-25T08:38:08.134608,bitrue,115204.06,115204.07,0.0939,28.1719
2025-07-25T08:38:08.162528,blofin,115200.0,115200.1,58.5,254.0
2025-07-25T08:38:08.341499,bitmart,115171.7,115171.8,293.0,11731.0
2025-07-25T08:38:08.646039,blofin,115200.0,115200.1,119.5,259.0
2025-07-25T08:38:09.196976,blofin,115200.0,115200.1,119.5,259.0
2025-07-25T08:38:09.381433,bitmart,115189.9,115192.1,12139.0,2094.0
2025-07-25T08:38:09.663537,blofin,115200.0,115200.1,119.5,203.0
2025-07-25T08:38:10.216100,blofin,115200.0,115200.1,119.5,203.0
2025-07-25T08:38:10.226473,bitrue,115204.06,115204.07,0.0939,28.1719
2025-07-25T08:38:10.347316,bitmart,115199.9,115200.0,9727.0,9521.0
2025-07-25T08:38:10.653209,blofin,115215.9,115216.0,8345.0,172.0
2025-07-25T08:38:11.182927,blofin,115215.9,115216.0,8345.0,172.0
2025-07-25T08:38:11.379812,bitmart,115199.9,115205.9,9798.0,9581.0
2025-07-25T08:38:11.649018,blofin,115230.1,115230.2,11209.0,1335.0
2025-07-25T08:38:12.215017,blofin,115230.1,115230.2,2272.0,10290.0
2025-07-25T08:38:12.313675,bitmart,115205.3,115205.4,11200.0,5.0
2025-07-25T08:38:12.323923,bitrue,115217.5,115217.51,11.4943,1.0109
2025-07-25T08:38:12.647445,blofin,115230.1,115230.2,2272.0,10290.0
2025-07-25T08:38:13.204264,blofin,115230.1,115230.2,2272.0,10290.0
2025-07-25T08:38:13.324167,bitmart,115205.3,115205.4,14215.0,5.0
2025-07-25T08:38:13.652208,blofin,115230.1,115230.2,6868.0,2841.0
2025-07-25T08:38:14.231139,blofin,115243.8,115243.9,12325.0,6600.0
2025-07-25T08:38:14.312598,bitmart,115216.3,115220.6,12227.0,2015.0
2025-07-25T08:38:14.414265,bitrue,115217.5,115217.51,11.4943,1.0109
2025-07-25T08:38:14.660665,blofin,115243.8,115243.9,12325.0,6600.0
2025-07-25T08:38:15.174953,blofin,115246.9,115251.5,651.0,389.0
2025-07-25T08:38:15.309530,bitmart,115220.5,115220.6,728.0,10445.0
2025-07-25T08:38:15.466036,bitrue,115000.0,115218.0,0.9975,0.0662
2025-07-25T08:38:15.648704,blofin,115250.2,115250.3,534.0,9875.0
2025-07-25T08:38:16.203498,blofin,115250.2,115250.3,534.0,9875.0
2025-07-25T08:38:16.348100,bitmart,115194.9,115217.4,20313.0,12820.0
2025-07-25T08:38:16.512247,bitrue,115244.88,115244.89,0.3767,14.0572
2025-07-25T08:38:16.650177,blofin,115238.6,115238.7,5346.0,8306.0
2025-07-25T08:38:17.162214,blofin,115217.0,115217.1,6088.0,10219.0
2025-07-25T08:38:17.326034,bitmart,115178.5,115184.4,2799.0,10259.0
2025-07-25T08:38:17.647762,blofin,115217.0,115217.1,6088.0,10219.0
2025-07-25T08:38:18.187330,blofin,115207.0,115207.1,997.0,10286.0
2025-07-25T08:38:18.310696,bitmart,115178.5,115178.6,10925.0,8594.0
2025-07-25T08:38:18.607034,bitrue,115212.89,115224.38,0.2091,0.5252
2025-07-25T08:38:18.649259,blofin,115207.0,115207.1,997.0,10286.0
2025-07-25T08:38:19.233262,blofin,115207.0,115207.1,5815.0,11304.9
2025-07-25T08:38:19.327552,bitmart,115178.5,115178.6,10925.0,8594.0
2025-07-25T08:38:19.650578,blofin,115207.0,115207.1,8291.0,3612.0
2025-07-25T08:38:19.652381,bitrue,115204.0,115827.43,0.0253,0.0006
2025-07-25T08:38:20.219521,blofin,115207.0,115207.1,6274.0,2159.0
2025-07-25T08:38:20.382450,bitmart,115178.5,115178.6,12365.0,11419.0
2025-07-25T08:38:20.654111,blofin,115207.0,115207.1,6274.0,2159.0
2025-07-25T08:38:20.699724,bitrue,115204.0,115204.01,0.0253,17.642
2025-07-25T08:38:21.190356,blofin,115207.0,115207.1,6274.0,2159.0
2025-07-25T08:38:21.377865,bitmart,115185.3,115189.1,11121.0,5.0
2025-07-25T08:38:21.651012,blofin,115212.8,115212.9,24321.0,31.0
2025-07-25T08:38:21.741199,bitrue,115204.0,115204.01,0.0253,17.642
2025-07-25T08:38:22.154879,blofin,115219.7,115219.8,19235.0,3260.0
2025-07-25T08:38:22.348385,bitmart,115193.5,115199.0,5.0,8448.0
2025-07-25T08:38:22.651054,blofin,115229.8,115229.9,23041.0,202.0
2025-07-25T08:38:23.168378,blofin,115229.8,115229.9,23041.0,202.0
2025-07-25T08:38:23.339061,bitmart,115198.9,115199.0,10957.0,8448.0
2025-07-25T08:38:23.670006,blofin,115229.8,115229.9,11460.0,6392.0
2025-07-25T08:38:23.834964,bitrue,115204.0,115206.0,0.0253,0.0606
2025-07-25T08:38:24.163985,blofin,115229.8,115229.9,11460.0,6392.0
2025-07-25T08:38:24.328720,bitmart,115203.7,115203.8,11091.0,11285.0
2025-07-25T08:38:24.647957,blofin,115229.8,115229.9,10043.0,4134.0
2025-07-25T08:38:24.880253,bitrue,115222.34,115222.35,6.1201,6.6417
2025-07-25T08:38:25.228953,blofin,115229.8,115229.9,10043.0,4134.0
2025-07-25T08:38:25.315075,bitmart,115203.7,115203.8,11153.0,647.0
2025-07-25T08:38:25.644087,blofin,115231.3,115231.4,11315.0,2685.0
2025-07-25T08:38:25.925387,bitrue,115222.34,115222.35,6.1201,6.6417
2025-07-25T08:38:26.202153,blofin,115238.5,115238.6,19865.0,2089.0
2025-07-25T08:38:26.344545,bitmart,115204.2,115209.0,11786.0,546.0
2025-07-25T08:38:26.654902,blofin,115246.0,115246.1,24127.0,3753.0
2025-07-25T08:38:27.174343,blofin,115246.0,115246.1,24127.0,3753.0
2025-07-25T08:38:27.340597,bitmart,115216.9,115217.0,12539.0,5607.0
2025-07-25T08:38:27.648598,blofin,115246.0,115246.1,8936.0,3154.0
2025-07-25T08:38:28.013612,bitrue,115222.34,115230.61,6.1201,0.0001
2025-07-25T08:38:28.157328,blofin,115246.0,115246.1,12648.0,4185.0
2025-07-25T08:38:28.315623,bitmart,115216.9,115223.4,12779.0,3061.0
2025-07-25T08:38:28.646410,blofin,115246.0,115246.1,12648.0,4185.0
2025-07-25T08:38:29.058680,bitrue,115222.34,115228.09,6.1201,0.0047
2025-07-25T08:38:29.177435,blofin,115257.6,115257.7,13126.0,106.0
2025-07-25T08:38:29.314278,bitmart,115229.0,115240.2,9802.0,15726.0
2025-07-25T08:38:29.652649,blofin,115263.2,115263.4,12809.0,1.0
2025-07-25T08:38:30.104320,bitrue,115251.28,115251.29,5.9794,3.4903
2025-07-25T08:38:30.183551,blofin,115264.4,115264.5,10417.0,615.0
2025-07-25T08:38:30.328978,bitmart,115239.4,115239.5,9196.0,8022.0
2025-07-25T08:38:30.649687,blofin,115264.4,115264.5,10417.0,615.0
2025-07-25T08:38:31.211617,blofin,115264.4,115264.5,10417.0,615.0
2025-07-25T08:38:31.313309,bitmart,115239.4,115239.5,12739.0,12463.0
2025-07-25T08:38:31.653593,blofin,115264.4,115264.5,12260.0,3208.0
2025-07-25T08:38:32.204216,bitrue,115251.28,115251.29,5.9794,3.4903
2025-07-25T08:38:32.211922,blofin,115265.8,115265.9,19387.0,188.0
2025-07-25T08:38:32.311280,bitmart,115244.7,115254.7,8875.0,1292.0
2025-07-25T08:38:32.647630,blofin,115265.8,115265.9,19387.0,188.0
2025-07-25T08:38:33.192448,blofin,115269.6,115269.7,1353.0,1.0
2025-07-25T08:38:33.308721,bitmart,115254.6,115259.1,1549.0,735.0
2025-07-25T08:38:33.661398,blofin,115280.9,115281.0,20275.0,1914.0
2025-07-25T08:38:34.209033,blofin,115286.4,115286.5,17819.0,616.0
2025-07-25T08:38:34.300711,bitrue,115267.26,115267.27,18.1946,0.2135
2025-07-25T08:38:34.321378,bitmart,115259.0,115259.1,1506.0,4227.0
2025-07-25T08:38:34.651646,blofin,115286.4,115286.5,17819.0,616.0
2025-07-25T08:38:35.184188,blofin,115286.4,115286.5,17819.0,616.0
2025-07-25T08:38:35.348676,bitmart,115267.7,115267.8,103.0,9208.0
2025-07-25T08:38:35.349658,bitrue,115279.13,115279.14,7.5524,1.4659
2025-07-25T08:38:35.647699,blofin,115286.4,115286.5,15681.0,411.0
2025-07-25T08:38:36.233270,blofin,115286.4,115286.5,15681.0,411.0
2025-07-25T08:38:36.328663,bitmart,115248.1,115267.8,18777.0,13565.0
2025-07-25T08:38:36.395145,bitrue,115279.13,115279.14,7.5524,1.4659
2025-07-25T08:38:36.652592,blofin,115294.2,115294.3,15255.0,84.0
2025-07-25T08:38:37.224764,blofin,115270.1,115270.2,10562.0,75.0
2025-07-25T08:38:37.313210,bitmart,115243.6,115265.4,2663.0,10830.0
2025-07-25T08:38:37.651064,blofin,115281.0,115281.1,7443.0,568.0
2025-07-25T08:38:38.164879,blofin,115281.0,115281.1,7443.0,568.0
2025-07-25T08:38:38.316242,bitmart,115268.7,115269.3,11750.0,357.0
2025-07-25T08:38:38.489457,bitrue,115274.89,115274.9,10.0473,2.8701
2025-07-25T08:38:38.661019,blofin,115292.6,115292.7,11853.0,368.0
2025-07-25T08:38:39.170590,blofin,115292.6,115292.7,19658.0,1397.4
2025-07-25T08:38:39.375713,bitmart,115269.2,115279.3,483.0,20036.0
2025-07-25T08:38:39.536441,bitrue,115287.99,115288.0,9.3642,0.0956
2025-07-25T08:38:39.650939,blofin,115292.6,115292.7,19658.0,1397.4
2025-07-25T08:38:40.190162,blofin,115304.0,115304.1,16802.0,52.0
2025-07-25T08:38:40.332996,bitmart,115265.0,115275.2,15874.0,670.0
2025-07-25T08:38:40.583873,bitrue,115287.99,115288.0,9.3642,0.0956
2025-07-25T08:38:40.648085,blofin,115292.6,115292.7,255.0,16107.0
2025-07-25T08:38:41.208821,blofin,115292.6,115292.7,255.0,16107.0
2025-07-25T08:38:41.323630,bitmart,115261.9,115262.0,9600.0,11424.0
2025-07-25T08:38:41.655665,blofin,115292.6,115292.7,549.0,33614.0
2025-07-25T08:38:42.197577,blofin,115292.6,115292.7,4660.0,28012.0
2025-07-25T08:38:42.319887,bitmart,115261.9,115262.0,11686.0,13642.0
2025-07-25T08:38:42.661372,blofin,115292.6,115292.7,4660.0,27487.8
2025-07-25T08:38:42.673557,bitrue,115288.75,115288.76,1.9626,0.0794
2025-07-25T08:38:43.205003,blofin,115292.6,115292.7,4660.0,27487.8
2025-07-25T08:38:44.248052,bitmart,115261.9,115262.0,9986.0,9634.0
2025-07-25T08:38:44.248114,blofin,115292.6,115292.7,4420.0,26540.0
2025-07-25T08:38:44.248157,blofin,115302.5,115302.6,12562.0,1449.0
2025-07-25T08:38:44.248222,bitrue,115288.75,115288.76,1.9626,0.0794
2025-07-25T08:38:44.321988,bitmart,115275.6,115281.9,9882.0,75.0
2025-07-25T08:38:44.649083,blofin,115302.5,115302.6,12562.0,1449.0
2025-07-25T08:38:45.242657,blofin,115304.2,115304.3,13549.0,5228.0
2025-07-25T08:38:45.313108,bitmart,115281.7,115281.8,12558.0,155.0
2025-07-25T08:38:45.653931,blofin,115304.2,115304.3,13549.0,5228.0
2025-07-25T08:38:45.822948,bitrue,115299.99,115300.0,4.5073,0.0514
2025-07-25T08:38:46.212989,blofin,115320.6,115320.7,4939.0,8682.8
2025-07-25T08:38:46.320689,bitmart,115297.4,115297.5,10316.0,10330.0
2025-07-25T08:38:46.649765,blofin,115320.6,115320.7,4939.0,8682.8
2025-07-25T08:38:47.203194,blofin,115320.6,115320.7,7794.0,2909.0
2025-07-25T08:38:47.296472,bitmart,115297.4,115297.5,10557.0,78.0
2025-07-25T08:38:47.660637,blofin,115326.0,115326.1,4534.0,484.0
2025-07-25T08:38:47.909235,bitrue,115310.41,115310.42,7.9892,0.7084
2025-07-25T08:38:48.203907,blofin,115326.0,115326.1,4534.0,484.0
2025-07-25T08:38:48.366315,bitmart,115300.3,115308.1,5.0,10446.0
2025-07-25T08:38:48.646728,blofin,115326.0,115326.1,18574.0,3051.0
2025-07-25T08:38:49.205563,blofin,115326.8,115326.9,18868.0,1767.0
2025-07-25T08:38:49.381735,bitmart,115308.0,115308.1,12769.0,11531.0
2025-07-25T08:38:49.648116,blofin,115326.8,115326.9,18868.0,1767.0
2025-07-25T08:38:50.006828,bitrue,115321.95,115321.96,9.6822,1.5844
2025-07-25T08:38:50.209101,blofin,115326.8,115326.9,18868.0,1767.0
2025-07-25T08:38:50.365504,bitmart,115308.0,115308.1,8870.0,10877.0
2025-07-25T08:38:50.648865,blofin,115326.8,115326.9,5419.0,4515.2
2025-07-25T08:38:51.177121,blofin,115326.8,115326.9,5725.0,7641.0
2025-07-25T08:38:51.362864,bitmart,115308.0,115308.1,8870.0,10877.0
2025-07-25T08:38:51.651460,blofin,115326.8,115326.9,5725.0,7641.0
2025-07-25T08:38:52.100538,bitrue,115321.95,115321.96,9.6822,1.5844
2025-07-25T08:38:52.192268,blofin,115326.8,115326.9,3883.0,4351.0
2025-07-25T08:38:52.321497,bitmart,115308.0,115308.1,10402.0,10177.0
2025-07-25T08:38:52.651548,blofin,115326.8,115326.9,3883.0,4351.0
2025-07-25T08:38:53.145540,bitrue,115321.95,115321.96,9.6822,1.5844
2025-07-25T08:38:53.204200,blofin,115326.8,115326.9,3883.0,4351.0
2025-07-25T08:38:53.300560,bitmart,115308.0,115308.1,11644.0,11340.0
2025-07-25T08:38:53.649351,blofin,115326.8,115326.9,5393.0,1623.0
2025-07-25T08:38:54.162937,blofin,115326.8,115326.9,5393.0,1623.0
2025-07-25T08:38:54.189379,bitrue,115321.95,115321.96,9.6822,1.5844
2025-07-25T08:38:54.346484,bitmart,115317.1,115317.3,384.0,3682.0
2025-07-25T08:38:54.648489,blofin,115326.8,115326.9,5927.0,854.0
2025-07-25T08:38:55.176744,blofin,115336.3,115336.4,6867.0,4383.0
2025-07-25T08:38:55.381347,bitmart,115317.2,115317.3,9990.0,11787.0
2025-07-25T08:38:55.657005,blofin,115336.3,115336.4,6867.0,4383.0
2025-07-25T08:38:56.168773,blofin,115336.3,115336.4,6867.0,4383.0
2025-07-25T08:38:56.283265,bitrue,115330.31,115330.32,8.2378,2.1343
2025-07-25T08:38:56.381418,bitmart,115312.8,115317.3,11920.0,13757.0
2025-07-25T08:38:56.648643,blofin,115336.3,115336.4,8299.0,3142.0
2025-07-25T08:38:57.193737,blofin,115336.3,115336.4,8299.0,2436.0
2025-07-25T08:38:57.318679,bitmart,115239.1,115299.9,17086.0,339.0
2025-07-25T08:38:57.331301,bitrue,115330.3,115330.32,0.0047,2.1343
2025-07-25T08:38:57.654559,blofin,115336.3,115336.4,8299.0,2436.0
2025-07-25T08:38:58.166123,blofin,115290.2,115295.4,1.0,911.0
2025-07-25T08:38:58.353758,bitmart,115279.9,115280.0,10232.0,2808.0
2025-07-25T08:38:58.382702,bitrue,115297.07,115297.08,0.0071,15.4322
2025-07-25T08:38:58.659253,blofin,115302.7,115302.8,5058.0,191.0
2025-07-25T08:38:59.163410,blofin,115302.7,115302.8,5058.0,191.0
2025-07-25T08:38:59.347220,bitmart,115294.1,115294.2,12167.0,11645.0
2025-07-25T08:38:59.657466,blofin,115319.3,115319.4,23774.0,3520.0
2025-07-25T08:39:00.191128,blofin,115319.3,115319.4,23774.0,3520.0
2025-07-25T08:39:00.328469,bitmart,115298.6,115298.8,9806.0,9806.0
2025-07-25T08:39:00.472906,bitrue,115293.75,115306.0,0.0006,0.0662
2025-07-25T08:39:00.652906,blofin,115326.8,115326.9,8601.0,251.7
2025-07-25T08:39:01.181444,blofin,115326.8,115326.9,8601.0,251.7
2025-07-25T08:39:01.351485,bitmart,115294.1,115298.7,7817.0,12327.0
2025-07-25T08:39:01.518470,bitrue,115293.75,115306.0,0.0006,0.0662
2025-07-25T08:39:01.640345,blofin,115319.4,115319.5,2427.0,6340.0
2025-07-25T08:39:02.219325,blofin,115311.7,115311.8,4646.0,6361.0
2025-07-25T08:39:02.327471,bitmart,115294.1,115294.2,2414.0,13163.0
2025-07-25T08:39:02.562051,bitrue,115298.88,115298.89,3.383,6.0823
2025-07-25T08:39:02.664820,blofin,115311.7,115311.8,4646.0,6361.0
2025-07-25T08:39:03.211575,blofin,115311.7,115311.8,4646.0,6309.2
2025-07-25T08:39:03.320833,bitmart,115279.8,115286.9,12350.0,10697.0
2025-07-25T08:39:03.653479,blofin,115300.2,115305.4,1.0,237.0
2025-07-25T08:39:04.197519,blofin,115300.2,115305.4,1.0,237.0
2025-07-25T08:39:04.329908,bitmart,115279.8,115288.9,11758.0,166.0
2025-07-25T08:39:04.655509,bitrue,115298.88,115298.89,3.383,6.0823
2025-07-25T08:39:04.666942,blofin,115302.7,115302.8,5286.0,26997.3
2025-07-25T08:39:05.172884,blofin,115321.5,115321.6,11736.0,6195.0
2025-07-25T08:39:05.321117,bitmart,115294.0,115294.1,10831.0,8884.0
2025-07-25T08:39:05.652759,blofin,115321.5,115321.6,11736.0,6195.0
2025-07-25T08:39:05.700527,bitrue,115310.42,115310.43,10.5364,10.5821
2025-07-25T08:39:06.178819,blofin,115321.5,115321.6,11736.0,6195.0
2025-07-25T08:39:06.347647,bitmart,115294.0,115294.1,11982.0,10116.0
2025-07-25T08:39:06.658408,blofin,115321.5,115321.6,9660.0,5558.0
2025-07-25T08:39:06.744459,bitrue,115310.42,115310.43,10.5364,10.5821
2025-07-25T08:39:07.190975,blofin,115321.5,115321.6,9660.0,5558.0
2025-07-25T08:39:07.381919,bitmart,115294.0,115294.1,9977.0,6321.0
2025-07-25T08:39:07.653231,blofin,115321.5,115321.6,9774.0,6482.0
2025-07-25T08:39:07.787983,bitrue,115310.42,115310.43,10.5364,10.5821
2025-07-25T08:39:08.163245,blofin,115321.5,115321.6,10616.0,7326.0
2025-07-25T08:39:08.387996,bitmart,115294.0,115294.2,10214.0,2395.0
2025-07-25T08:39:08.654626,blofin,115321.5,115321.6,10616.0,7326.0
2025-07-25T08:39:09.154420,blofin,115321.5,115321.6,10616.0,7326.0
2025-07-25T08:39:09.312939,bitmart,115294.0,115294.1,9776.0,964.0
2025-07-25T08:39:09.650103,blofin,115321.5,115321.6,43.0,10875.0
2025-07-25T08:39:09.880026,bitrue,115310.42,115310.43,10.5364,10.5821
2025-07-25T08:39:10.177877,blofin,115321.5,115321.6,2966.0,9083.0
2025-07-25T08:39:10.313289,bitmart,115294.0,115294.1,11740.0,960.0
2025-07-25T08:39:10.653691,blofin,115321.5,115321.6,2966.0,9083.0
2025-07-25T08:39:10.926463,bitrue,115310.42,115310.43,10.5364,10.5821
2025-07-25T08:39:11.210091,blofin,115321.5,115321.6,2966.0,9083.0
2025-07-25T08:39:11.325938,bitmart,115294.0,115294.1,11640.0,964.0
2025-07-25T08:39:11.650130,blofin,115321.5,115321.6,5467.0,5978.0
2025-07-25T08:39:11.978588,bitrue,115310.42,115310.43,10.5364,10.5821
2025-07-25T08:39:12.233008,blofin,115301.9,115302.0,445.0,12567.0
2025-07-25T08:39:12.300476,bitmart,115279.8,115279.9,1420.0,9307.0
2025-07-25T08:39:12.648959,blofin,115301.9,115302.0,445.0,12567.0
2025-07-25T08:39:13.193680,blofin,115301.9,115302.0,445.0,12567.0
2025-07-25T08:39:13.365768,bitmart,115268.1,115279.9,6.0,4675.0
2025-07-25T08:39:13.655864,blofin,115297.5,115297.6,228.0,30033.0
2025-07-25T08:39:14.068428,bitrue,115000.0,115310.45,0.9975,0.0001
2025-07-25T08:39:14.157830,blofin,115297.5,115297.6,228.0,30033.0
2025-07-25T08:39:14.313872,bitmart,115262.4,115262.5,971.0,9487.0
2025-07-25T08:39:14.659289,blofin,115292.6,115292.7,2212.0,16229.6
2025-07-25T08:39:15.118541,bitrue,115290.97,115290.98,2.0915,19.295
2025-07-25T08:39:15.210503,blofin,115286.9,115287.0,79.0,11506.0
2025-07-25T08:39:15.307712,bitmart,115262.4,115262.5,87.0,11474.0
2025-07-25T08:39:15.648860,blofin,115286.9,115287.0,79.0,11506.0
2025-07-25T08:39:16.161754,bitrue,115281.22,115281.23,0.7562,26.9681
2025-07-25T08:39:16.225230,blofin,115275.4,115278.9,1484.0,1005.0
2025-07-25T08:39:16.311239,bitmart,115251.6,115251.8,10793.0,950.0
2025-07-25T08:39:16.657675,blofin,115277.4,115277.5,1818.0,262.0
2025-07-25T08:39:17.171836,blofin,115277.4,115277.5,1818.0,262.0
2025-07-25T08:39:17.314813,bitmart,115251.6,115251.7,12257.0,10560.0
2025-07-25T08:39:17.648929,blofin,115279.9,115280.0,20232.0,4034.0
2025-07-25T08:39:18.178563,blofin,115279.9,115280.0,6802.0,4013.0
2025-07-25T08:39:18.249415,bitrue,115274.88,115274.89,0.0001,22.2386
2025-07-25T08:39:18.301624,bitmart,115251.6,115251.7,11107.0,6379.0
2025-07-25T08:39:18.653100,blofin,115279.9,115280.0,6802.0,4013.0
2025-07-25T08:39:19.202304,blofin,115279.9,115280.0,6802.0,4013.0
2025-07-25T08:39:19.336876,bitmart,115251.6,115251.7,12256.0,11868.0
2025-07-25T08:39:19.647436,blofin,115279.9,115280.0,5093.0,6576.0
2025-07-25T08:39:20.174090,blofin,115279.9,115280.0,5093.0,6576.0
2025-07-25T08:39:20.340107,bitrue,115274.88,115274.89,0.0001,22.2386
2025-07-25T08:39:20.345548,bitmart,115251.6,115251.7,11980.0,11957.0
2025-07-25T08:39:20.653456,blofin,115279.9,115280.0,6656.0,8053.0
2025-07-25T08:39:21.152926,blofin,115279.9,115280.0,136.0,9374.0
2025-07-25T08:39:21.364910,bitmart,115251.6,115251.7,12185.0,11960.0
2025-07-25T08:39:21.646849,blofin,115279.9,115280.0,136.0,9374.0
2025-07-25T08:39:22.173397,blofin,115279.9,115280.0,3454.0,7708.0
2025-07-25T08:39:22.378394,bitmart,115251.6,115251.7,10902.0,11937.0
2025-07-25T08:39:22.435421,bitrue,115274.88,115274.89,0.0001,22.2386
2025-07-25T08:39:22.648148,blofin,115279.9,115280.0,3454.0,7708.0
2025-07-25T08:39:23.160360,blofin,115276.9,115277.0,2538.0,6503.0
2025-07-25T08:39:23.380769,bitmart,115250.7,115251.7,47.0,14237.0
2025-07-25T08:39:23.664402,blofin,115276.9,115277.0,499.0,14298.0
2025-07-25T08:39:24.227371,blofin,115276.9,115277.0,3024.0,12457.0
2025-07-25T08:39:24.344648,bitmart,115250.0,115250.1,10725.0,1190.0
2025-07-25T08:39:24.526773,bitrue,115274.88,115274.89,0.0001,22.2386
2025-07-25T08:39:24.649159,blofin,115276.9,115277.0,3024.0,12457.0
2025-07-25T08:39:25.168464,blofin,115276.9,115277.0,4063.0,13625.0
2025-07-25T08:39:25.364102,bitmart,115250.0,115250.1,12387.0,12912.0
2025-07-25T08:39:25.571879,bitrue,115274.88,115274.89,0.0001,22.2386
2025-07-25T08:39:25.648163,blofin,115276.9,115277.0,4063.0,13599.8
2025-07-25T08:39:26.228634,blofin,115276.9,115277.0,4063.0,13599.8
2025-07-25T08:39:26.321153,bitmart,115250.0,115250.1,12448.0,12786.0
2025-07-25T08:39:26.649906,blofin,115276.9,115277.0,4893.0,11125.0
2025-07-25T08:39:27.196091,blofin,115276.9,115277.0,3410.0,10128.0
2025-07-25T08:39:27.298770,bitmart,115250.0,115250.1,11785.0,11631.0
2025-07-25T08:39:27.663358,blofin,115276.9,115277.0,3410.0,10128.0
2025-07-25T08:39:28.199462,blofin,115276.9,115277.0,4363.0,9877.0
2025-07-25T08:39:28.340540,bitmart,115232.4,115250.1,16122.0,12558.0
2025-07-25T08:39:28.651347,blofin,115276.9,115277.0,4363.0,9877.0
2025-07-25T08:39:28.710900,bitrue,115274.88,115274.89,0.0001,22.2386
2025-07-25T08:39:29.195682,blofin,115256.9,115257.0,130.0,22657.0
2025-07-25T08:39:29.331561,bitmart,115233.6,115233.7,16266.0,11958.0
2025-07-25T08:39:29.647521,blofin,115256.9,115257.0,6309.0,15608.0
2025-07-25T08:39:29.758673,bitrue,115252.62,115252.63,0.6118,22.9018
2025-07-25T08:39:30.168924,blofin,115256.9,115257.0,6309.0,15608.0
2025-07-25T08:39:30.333944,bitmart,115243.7,115245.0,30.0,8984.0
2025-07-25T08:39:30.655518,blofin,115272.2,115272.3,10975.0,1116.0
2025-07-25T08:39:31.190825,blofin,115272.2,115272.3,12126.0,149.0
2025-07-25T08:39:31.301637,bitmart,115244.9,115245.0,11264.0,1623.0
2025-07-25T08:39:31.661899,blofin,115272.2,115272.3,12126.0,149.0
2025-07-25T08:39:31.847441,bitrue,115252.62,115260.0,0.6118,0.0753
2025-07-25T08:39:32.210441,blofin,115272.2,115272.3,13328.0,3917.0
2025-07-25T08:39:32.321327,bitmart,115247.1,115247.2,10199.0,5833.0
2025-07-25T08:39:32.650425,blofin,115272.2,115272.3,13328.0,3917.0
2025-07-25T08:39:33.166152,blofin,115272.2,115272.3,13328.0,3917.0
2025-07-25T08:39:33.310699,bitmart,115247.1,115247.2,11720.0,11286.0
2025-07-25T08:39:33.649433,blofin,115272.2,115272.3,10143.0,2646.0
2025-07-25T08:39:33.938606,bitrue,115259.99,115260.0,13.2236,0.0753
2025-07-25T08:39:34.158248,blofin,115272.2,115272.3,10803.0,7147.0
2025-07-25T08:39:34.352864,bitmart,115247.1,115247.2,10449.0,9991.0
2025-07-25T08:39:34.646617,blofin,115272.2,115272.3,10803.0,7147.0
2025-07-25T08:39:35.186718,blofin,115272.2,115272.3,10803.0,7147.0
2025-07-25T08:39:35.340929,bitmart,115247.1,115247.2,12545.0,6939.0
2025-07-25T08:39:35.647119,blofin,115272.2,115272.3,11054.0,237.0
2025-07-25T08:39:36.025332,bitrue,115263.36,115263.37,11.7163,10.1003
2025-07-25T08:39:36.200279,blofin,115272.2,115272.3,11065.0,64.0
2025-07-25T08:39:36.314712,bitmart,115247.1,115247.2,12532.0,12831.0
2025-07-25T08:39:36.652218,blofin,115272.2,115272.3,11065.0,64.0
2025-07-25T08:39:37.165242,blofin,115272.2,115272.3,11065.0,64.0
2025-07-25T08:39:37.313202,bitmart,115247.1,115247.2,12305.0,12818.0
2025-07-25T08:39:37.648642,blofin,115272.2,115272.3,8208.0,4987.0
2025-07-25T08:39:38.112370,bitrue,115263.36,115263.37,11.7163,10.1003
2025-07-25T08:39:38.160272,blofin,115272.2,115272.3,8208.0,4987.0
2025-07-25T08:39:38.310517,bitmart,115247.1,115247.2,12016.0,11492.0
2025-07-25T08:39:38.664664,blofin,115272.2,115272.3,11564.0,6841.0
2025-07-25T08:39:39.158705,bitrue,115263.36,115263.37,11.7163,10.1003
2025-07-25T08:39:39.164701,blofin,115272.2,115272.3,7004.0,6872.0
2025-07-25T08:39:39.314215,bitmart,115247.1,115247.2,12185.0,12140.0
2025-07-25T08:39:39.650733,blofin,115272.2,115272.3,7004.0,6872.0
2025-07-25T08:39:40.183446,blofin,115272.2,115272.3,7004.0,6872.0
2025-07-25T08:39:40.202547,bitrue,115263.36,115263.37,11.7163,10.1003
2025-07-25T08:39:40.327460,bitmart,115247.1,115247.2,12065.0,12162.0
2025-07-25T08:39:40.651773,blofin,115272.2,115272.3,9225.0,4099.0
2025-07-25T08:39:41.161127,blofin,115272.2,115272.3,9225.0,4099.0
2025-07-25T08:39:41.325346,bitmart,115247.1,115247.2,12236.0,12425.0
2025-07-25T08:39:41.648512,blofin,115272.2,115272.3,7506.0,7180.0
2025-07-25T08:39:42.196267,blofin,115272.2,115272.3,8768.0,5231.0
2025-07-25T08:39:42.294629,bitrue,115263.36,115263.37,11.7163,10.1003
2025-07-25T08:39:42.344494,bitmart,115247.1,115247.2,11072.0,8881.0
2025-07-25T08:39:42.650395,blofin,115272.2,115272.3,8768.0,5231.0
2025-07-25T08:39:43.191701,blofin,115272.2,115272.3,8768.0,5231.0
2025-07-25T08:39:43.377766,bitmart,115247.1,115247.2,11732.0,4198.0
2025-07-25T08:39:43.649716,blofin,115272.2,115272.3,8083.0,2961.0
2025-07-25T08:39:44.186740,blofin,115272.2,115272.3,8083.0,2961.0
2025-07-25T08:39:45.042763,bitmart,115247.1,115247.2,12821.0,4143.0
2025-07-25T08:39:45.042858,bitrue,115263.36,115263.37,11.7163,10.1003
2025-07-25T08:39:45.042940,blofin,115273.1,115273.2,8471.0,56.0
2025-07-25T08:39:45.181683,blofin,115273.1,115273.2,15422.0,111.0
2025-07-25T08:39:45.325721,bitmart,115247.1,115250.0,11665.0,461.0
2025-07-25T08:39:45.660248,blofin,115273.1,115273.2,15422.0,111.0
2025-07-25T08:39:46.179651,blofin,115276.8,115276.9,26783.0,213.0
2025-07-25T08:39:46.319009,bitmart,115249.9,115250.0,16353.0,907.0
2025-07-25T08:39:46.481874,bitrue,115263.36,115263.37,11.7163,10.1003
2025-07-25T08:39:46.652046,blofin,115285.1,115285.2,24912.0,185.0
2025-07-25T08:39:47.148544,blofin,115285.1,115285.2,24912.0,185.0
2025-07-25T08:39:47.331384,bitmart,115258.5,115258.6,10098.0,304.0
2025-07-25T08:39:47.530217,bitrue,115263.36,115263.37,11.7163,10.1003
2025-07-25T08:39:47.652109,blofin,115290.3,115290.4,11553.0,2893.0
2025-07-25T08:39:48.194470,blofin,115290.3,115290.4,11553.0,2893.0
2025-07-25T08:39:48.310653,bitmart,115279.8,115296.5,10239.0,12568.0
2025-07-25T08:39:48.574218,bitrue,115273.99,115274.0,11.7095,0.0664
2025-07-25T08:39:48.647808,blofin,115310.8,115310.9,13807.0,332.0
2025-07-25T08:39:49.211315,blofin,115324.6,115324.7,15765.0,127.0
2025-07-25T08:39:49.308880,bitmart,115296.2,115303.1,9835.0,201.0
2025-07-25T08:39:49.651647,blofin,115324.6,115324.7,15765.0,127.0
2025-07-25T08:39:49.719123,bitrue,115308.74,115308.75,19.633,0.004
2025-07-25T08:39:50.189633,blofin,115333.1,115333.2,18520.0,56.0
2025-07-25T08:39:50.333301,bitmart,115302.2,115309.9,12833.0,7290.0
2025-07-25T08:39:50.647556,blofin,115333.1,115333.2,2078.0,5795.0
2025-07-25T08:39:51.196206,blofin,115333.1,115333.2,2078.0,5795.0
2025-07-25T08:39:51.382731,bitmart,115309.7,115309.9,490.0,10633.0
2025-07-25T08:39:51.662297,blofin,115333.1,115333.2,5190.0,3831.0
2025-07-25T08:39:51.808922,bitrue,115308.74,115308.75,19.633,0.004
2025-07-25T08:39:52.182464,blofin,115333.1,115333.2,3989.0,6797.7
2025-07-25T08:39:52.319636,bitmart,115309.7,115309.8,12699.0,106.0
2025-07-25T08:39:52.651667,blofin,115333.1,115333.2,3989.0,6797.7
2025-07-25T08:39:52.856200,bitrue,115313.48,115313.49,11.2026,0.0471
2025-07-25T08:39:53.175262,blofin,115333.1,115333.2,3989.0,6797.7
2025-07-25T08:39:53.311302,bitmart,115309.7,115309.9,12710.0,10032.0
2025-07-25T08:39:53.648072,blofin,115333.1,115333.2,5712.0,6978.0
2025-07-25T08:39:53.902707,bitrue,115313.48,115313.49,11.2026,0.0471
2025-07-25T08:39:54.174221,blofin,115351.8,115351.9,16698.0,1820.0
2025-07-25T08:39:54.364120,bitmart,115328.9,115329.1,457.0,9456.0
2025-07-25T08:39:54.652512,blofin,115351.8,115351.9,16698.0,1820.0
2025-07-25T08:39:55.180910,blofin,115351.8,115351.9,16698.0,1820.0
2025-07-25T08:39:55.378211,bitmart,115313.8,115329.0,13149.0,12849.0
2025-07-25T08:39:55.676593,blofin,115337.5,115337.6,2155.0,19288.0
2025-07-25T08:39:55.998893,bitrue,115332.58,115332.59,2.2376,10.544
2025-07-25T08:39:56.166110,blofin,115337.5,115337.6,2155.0,19288.0
2025-07-25T08:39:56.364209,bitmart,115309.9,115314.4,1363.0,15277.0
2025-07-25T08:39:56.656319,blofin,115337.5,115337.6,6759.0,9116.0
2025-07-25T08:39:57.191745,blofin,115331.9,115332.0,3739.0,15358.0
2025-07-25T08:39:57.311217,bitmart,115302.2,115310.0,16136.0,10829.0
2025-07-25T08:39:57.645226,blofin,115331.9,115332.0,3739.0,15358.0
2025-07-25T08:39:58.091375,bitrue,115332.58,115332.59,2.2376,10.544
2025-07-25T08:39:58.186463,blofin,115324.9,115325.0,77.0,8560.0
2025-07-25T08:39:58.341651,bitmart,115298.7,115298.8,9919.0,11799.0
2025-07-25T08:39:58.649766,blofin,115324.9,115325.0,6562.0,1224.0
2025-07-25T08:39:59.138375,bitrue,115330.32,115332.59,0.0002,10.544
2025-07-25T08:39:59.216181,blofin,115338.3,115338.4,11091.0,4259.0
2025-07-25T08:39:59.321716,bitmart,115309.3,115309.4,49.0,5.0
2025-07-25T08:39:59.646437,blofin,115338.3,115338.4,11091.0,4259.0
2025-07-25T08:40:00.180645,blofin,115338.3,115338.4,11091.0,4259.0
2025-07-25T08:40:00.182506,bitrue,115325.97,115325.98,0.0365,6.5209
2025-07-25T08:40:00.343232,bitmart,115274.6,115292.0,11462.0,11861.0
2025-07-25T08:40:00.665081,blofin,115299.7,115299.8,961.0,23685.0
2025-07-25T08:40:01.209538,blofin,115310.9,115311.0,13398.0,1.0
2025-07-25T08:40:01.350621,bitmart,115291.4,115291.5,8717.0,9036.0
2025-07-25T08:40:01.652964,blofin,115310.9,115311.0,13398.0,1.0
2025-07-25T08:40:02.213073,blofin,115310.9,115311.0,13398.0,1.0
2025-07-25T08:40:02.285635,bitrue,115300.22,115300.23,9.143,7.943
2025-07-25T08:40:02.323289,bitmart,115291.4,115291.5,8961.0,2863.0
2025-07-25T08:40:02.662938,blofin,115326.0,115326.1,13061.0,213.0
2025-07-25T08:40:03.178565,blofin,115326.0,115326.1,13061.0,213.0
2025-07-25T08:40:03.308563,bitmart,115291.4,115291.5,10184.0,10186.0
2025-07-25T08:40:03.331941,bitrue,115300.22,115300.23,9.143,7.943
2025-07-25T08:40:03.649544,blofin,115317.1,115317.2,2337.0,10002.0
2025-07-25T08:40:04.171478,blofin,115317.1,115317.2,6814.0,16546.0
2025-07-25T08:40:04.327237,bitmart,115291.4,115291.5,13068.0,11343.0
2025-07-25T08:40:04.378240,bitrue,115300.22,115300.23,9.143,7.943
2025-07-25T08:40:04.653146,blofin,115317.1,115317.2,6814.0,16546.0
2025-07-25T08:40:05.215285,blofin,115317.1,115317.2,6814.0,16546.0
2025-07-25T08:40:05.301548,bitmart,115291.4,115291.5,13026.0,4191.0
2025-07-25T08:40:05.669919,blofin,115317.1,115317.2,8775.0,3160.0
2025-07-25T08:40:06.179223,blofin,115317.1,115317.2,6708.0,2070.0
2025-07-25T08:40:06.311834,bitmart,115291.4,115291.5,12836.0,3960.0
2025-07-25T08:40:06.469319,bitrue,115300.22,115300.23,9.143,7.943
2025-07-25T08:40:06.667378,blofin,115317.1,115317.2,6708.0,2070.0
2025-07-25T08:40:07.208488,blofin,115317.7,115317.8,9009.0,1532.0
2025-07-25T08:40:07.375649,bitmart,115291.4,115291.5,11728.0,12362.0
2025-07-25T08:40:07.513942,bitrue,115305.99,115306.0,13.8737,0.0753
2025-07-25T08:40:07.654080,blofin,115317.7,115317.8,13592.0,5721.0
2025-07-25T08:40:08.231341,blofin,115317.7,115317.8,16658.0,4722.0
2025-07-25T08:40:08.348699,bitmart,115291.4,115291.5,12548.0,4824.0
2025-07-25T08:40:08.558350,bitrue,115305.99,115306.0,13.8737,0.0753
2025-07-25T08:40:08.657991,blofin,115317.7,115317.8,16658.0,4722.0
2025-07-25T08:40:09.168525,blofin,115322.3,115322.4,13516.0,1457.0
2025-07-25T08:40:09.378867,bitmart,115291.4,115291.5,16100.0,14256.0
2025-07-25T08:40:09.668131,blofin,115322.3,115322.4,10699.0,3323.0
2025-07-25T08:40:10.167753,blofin,115322.3,115322.4,10699.0,3323.0
2025-07-25T08:40:10.327766,bitmart,115291.4,115291.5,16458.0,14044.0
2025-07-25T08:40:10.646586,bitrue,115316.35,115316.36,5.3195,7.2394
2025-07-25T08:40:10.658602,blofin,115322.3,115322.4,5402.0,6270.0
2025-07-25T08:40:11.194476,blofin,115322.3,115322.4,4486.0,4905.0
2025-07-25T08:40:11.409472,bitmart,115284.1,115291.0,513.0,5.0
2025-07-25T08:40:11.651026,blofin,115306.7,115306.8,5696.0,5394.7
2025-07-25T08:40:11.693976,bitrue,115300.01,115318.52,2.1646,0.0001
2025-07-25T08:40:12.155118,blofin,115306.7,115306.8,5696.0,5394.7
2025-07-25T08:40:12.313602,bitmart,115262.5,115271.0,17252.0,13359.0
2025-07-25T08:40:12.647146,blofin,115289.9,115290.0,422.0,24517.0
2025-07-25T08:40:12.746223,bitrue,115300.01,115300.02,2.1646,16.0521
2025-07-25T08:40:13.228546,blofin,115289.9,115290.0,7152.0,3346.0
2025-07-25T08:40:13.322100,bitmart,115262.5,115262.6,16711.0,14621.0
2025-07-25T08:40:13.649697,blofin,115289.9,115290.0,7152.0,3346.0
2025-07-25T08:40:13.792686,bitrue,115291.27,115291.28,0.484,23.8213
2025-07-25T08:40:14.186718,blofin,115289.9,115290.0,7152.0,3346.0
2025-07-25T08:40:14.316037,bitmart,115262.5,115262.6,15728.0,11753.0
2025-07-25T08:40:14.658523,blofin,115289.9,115290.0,5709.0,3991.0
2025-07-25T08:40:15.203628,blofin,115289.9,115290.0,5709.0,3991.0
2025-07-25T08:40:15.327180,bitmart,115262.5,115262.6,15844.0,16211.0
2025-07-25T08:40:15.647592,blofin,115289.9,115290.0,9425.0,1881.0
2025-07-25T08:40:15.884652,bitrue,115291.27,115291.28,0.484,23.8213
2025-07-25T08:40:16.170826,blofin,115289.9,115290.0,3171.0,5690.0
2025-07-25T08:40:16.314088,bitmart,115262.5,115262.6,15507.0,16387.0
2025-07-25T08:40:16.650557,blofin,115289.9,115290.0,3171.0,5690.0
2025-07-25T08:40:17.234537,blofin,115289.9,115290.0,3171.0,5677.8
2025-07-25T08:40:17.309680,bitmart,115262.5,115262.6,6630.0,6671.0
2025-07-25T08:40:17.655433,blofin,115289.9,115290.0,7394.0,2232.0
2025-07-25T08:40:17.981394,bitrue,115291.27,115291.28,0.484,23.8213
2025-07-25T08:40:18.181997,blofin,115289.9,115290.0,8087.0,252.0
2025-07-25T08:40:18.300027,bitmart,115262.5,115262.6,15574.0,11300.0
2025-07-25T08:40:18.646579,blofin,115289.9,115290.0,8087.0,252.0
2025-07-25T08:40:19.159897,blofin,115289.9,115290.0,8947.0,223.0
2025-07-25T08:40:19.322968,bitmart,115262.5,115262.6,10774.0,6498.0
2025-07-25T08:40:19.659430,blofin,115289.9,115290.0,8947.0,223.0
2025-07-25T08:40:20.077213,bitrue,115291.27,115291.28,0.484,23.8213
2025-07-25T08:40:20.168606,blofin,115289.9,115290.0,8947.0,223.0
2025-07-25T08:40:20.311279,bitmart,115262.5,115262.6,14886.0,13983.0
2025-07-25T08:40:20.647192,blofin,115289.9,115290.0,8469.0,171.0
2025-07-25T08:40:21.192052,blofin,115289.9,115290.0,8469.0,171.0
2025-07-25T08:40:21.312170,bitmart,115262.5,115262.6,656.0,13916.0
2025-07-25T08:40:21.643629,blofin,115289.9,115290.0,135.0,6129.0
2025-07-25T08:40:22.152120,blofin,115281.9,115282.0,6225.0,20263.0
2025-07-25T08:40:22.166867,bitrue,115279.75,115279.76,0.0003,17.5131
2025-07-25T08:40:22.322313,bitmart,115252.2,115252.4,14758.0,15236.0
2025-07-25T08:40:22.644674,blofin,115281.9,115282.0,6225.0,20263.0
2025-07-25T08:40:23.195723,blofin,115281.9,115282.0,6225.0,20263.0
2025-07-25T08:40:23.314082,bitmart,115252.2,115252.3,14800.0,17112.0
2025-07-25T08:40:23.649151,blofin,115281.9,115282.0,6504.0,10223.0
2025-07-25T08:40:24.172595,blofin,115281.9,115282.0,6504.0,10223.0
2025-07-25T08:40:24.257491,bitrue,115279.75,115279.76,0.0003,17.5131
2025-07-25T08:40:24.307821,bitmart,115252.2,115252.3,16018.0,14457.0
2025-07-25T08:40:24.661535,blofin,115281.9,115282.0,5668.0,3324.0
2025-07-25T08:40:25.182909,blofin,115281.9,115282.0,4499.0,5138.0
2025-07-25T08:40:25.343315,bitmart,115252.2,115252.3,6996.0,4603.0
2025-07-25T08:40:25.649447,blofin,115281.9,115282.0,4499.0,5138.0
2025-07-25T08:40:26.173543,blofin,115281.9,115282.0,4499.0,5138.0
2025-07-25T08:40:26.347953,bitrue,115279.75,115279.76,0.0003,17.5131
2025-07-25T08:40:26.402638,bitmart,115250.6,115250.7,14689.0,10205.0
2025-07-25T08:40:26.652470,blofin,115281.9,115282.0,3161.0,12466.0
2025-07-25T08:40:27.180212,blofin,115281.9,115282.0,6013.0,8110.0
2025-07-25T08:40:27.394329,bitrue,115279.75,115279.76,0.0003,17.5131
2025-07-25T08:40:27.395264,bitmart,115250.6,115250.7,10066.0,10205.0
2025-07-25T08:40:27.650614,blofin,115281.9,115282.0,6013.0,8110.0
2025-07-25T08:40:28.192375,blofin,115281.9,115282.0,6013.0,8110.0
2025-07-25T08:40:28.367246,bitmart,115250.6,115250.7,8224.0,15447.0
2025-07-25T08:40:28.649038,blofin,115281.9,115282.0,5078.0,12818.0
2025-07-25T08:40:29.225172,blofin,115281.9,115282.0,5078.0,12818.0
2025-07-25T08:40:29.374711,bitmart,115247.2,115250.2,8641.0,5.0
2025-07-25T08:40:29.660929,blofin,115281.9,115282.0,5078.0,12818.0
2025-07-25T08:40:30.224963,blofin,115276.9,115277.0,243.0,17098.0
2025-07-25T08:40:30.343578,bitmart,115245.1,115245.2,217.0,213.0
2025-07-25T08:40:30.533487,bitrue,115274.89,115274.9,0.0001,31.6176
2025-07-25T08:40:30.649188,blofin,115276.9,115277.0,2941.0,21950.0
2025-07-25T08:40:31.196367,blofin,115276.9,115277.0,821.0,29458.0
2025-07-25T08:40:31.308343,bitmart,115237.3,115245.1,6214.0,16549.0
2025-07-25T08:40:31.585358,bitrue,115267.26,115267.27,0.2204,29.6031
2025-07-25T08:40:31.656146,blofin,115276.9,115277.0,821.0,29458.0
2025-07-25T08:40:32.190350,blofin,115257.6,115257.7,432.0,20051.0
2025-07-25T08:40:32.315226,bitmart,115228.1,115228.2,161.0,16120.0
2025-07-25T08:40:32.628259,bitrue,115267.26,115267.27,0.2204,29.6031
2025-07-25T08:40:32.656830,blofin,115257.6,115257.7,3934.0,13682.0
2025-07-25T08:40:33.186300,blofin,115257.6,115257.7,3934.0,13682.0
2025-07-25T08:40:33.327092,bitmart,115228.1,115228.2,30.0,4376.0
2025-07-25T08:40:33.649331,blofin,115257.6,115257.7,263.0,16008.0
2025-07-25T08:40:34.156609,blofin,115251.4,115251.5,117.0,24183.0
2025-07-25T08:40:34.315420,bitmart,115216.6,115220.3,8524.0,10519.0
2025-07-25T08:40:34.652894,blofin,115251.4,115251.5,117.0,24183.0
2025-07-25T08:40:34.721921,bitrue,115252.63,115252.64,0.1461,28.4838
2025-07-25T08:40:35.191547,blofin,115251.4,115251.5,117.0,24183.0
2025-07-25T08:40:35.321582,bitmart,115216.6,115216.7,10204.0,9972.0
2025-07-25T08:40:35.653502,blofin,115251.2,115251.3,5356.0,3656.0
2025-07-25T08:40:35.907804,bitrue,115244.92,115244.93,0.0805,23.6385
2025-07-25T08:40:36.182347,blofin,115251.2,115251.3,5356.0,3656.0
2025-07-25T08:40:36.313361,bitmart,115222.2,115222.3,13678.0,11586.0
2025-07-25T08:40:36.648900,blofin,115251.2,115251.3,17834.0,5286.0
2025-07-25T08:40:36.952066,bitrue,115244.92,115244.93,0.0805,23.6385
2025-07-25T08:40:37.175349,blofin,115251.2,115251.3,17834.0,5286.0
2025-07-25T08:40:37.328537,bitmart,115222.2,115222.3,13622.0,11498.0
2025-07-25T08:40:37.655097,blofin,115251.2,115251.3,12852.0,4793.0
2025-07-25T08:40:37.995907,bitrue,115244.92,115244.93,0.0805,23.6385
2025-07-25T08:40:38.235177,blofin,115251.2,115251.3,8690.0,8710.0
2025-07-25T08:40:38.316309,bitmart,115222.2,115222.3,897.0,11314.0
2025-07-25T08:40:38.648677,blofin,115251.2,115251.3,8690.0,8710.0
2025-07-25T08:40:39.188410,blofin,115251.2,115251.3,8690.0,8710.0
2025-07-25T08:40:39.312157,bitmart,115216.6,115216.7,9602.0,1162.0
2025-07-25T08:40:39.654051,blofin,115251.2,115251.3,3796.0,5648.0
2025-07-25T08:40:40.090945,bitrue,115244.92,115244.93,0.0805,23.6385
2025-07-25T08:40:40.204544,blofin,115243.2,115243.3,280.0,9921.0
2025-07-25T08:40:40.326713,bitmart,115213.3,115213.4,30.0,493.0
2025-07-25T08:40:40.646832,blofin,115243.2,115243.3,280.0,9921.0
2025-07-25T08:40:41.173506,blofin,115242.7,115242.8,5819.0,14037.0
2025-07-25T08:40:41.310492,bitmart,115213.3,115213.4,382.0,10185.0
2025-07-25T08:40:41.649548,blofin,115242.7,115242.8,5819.0,14037.0
2025-07-25T08:40:42.189835,bitrue,115229.87,115229.88,2.2003,19.5783
2025-07-25T08:40:42.228920,blofin,115242.7,115242.8,5819.0,14037.0
2025-07-25T08:40:42.325636,bitmart,115213.3,115213.4,382.0,12398.0
2025-07-25T08:40:42.648697,blofin,115242.7,115242.8,7793.0,9979.0
2025-07-25T08:40:43.166845,blofin,115242.7,115242.8,3702.0,12479.0
2025-07-25T08:40:43.307201,bitmart,115200.0,115212.9,7609.0,5.0
2025-07-25T08:40:43.646587,blofin,115242.7,115242.8,3702.0,12479.0
2025-07-25T08:40:44.228684,blofin,115227.7,115232.9,170.0,1114.0
2025-07-25T08:40:44.285457,bitrue,115217.02,115217.03,2.0192,19.9942
2025-07-25T08:40:44.320045,bitmart,115200.1,115200.2,475.0,11094.0
2025-07-25T08:40:44.647033,blofin,115227.7,115232.9,170.0,1114.0
2025-07-25T08:40:45.916092,bitmart,115200.1,115200.2,475.0,2884.0
2025-07-25T08:40:45.916118,blofin,115230.2,115230.3,10104.0,12173.0
2025-07-25T08:40:45.916146,blofin,115230.2,115230.3,6435.0,6150.0
2025-07-25T08:40:45.916192,bitrue,115217.02,115217.03,2.0192,19.9942
2025-07-25T08:40:46.213237,blofin,115230.2,115230.3,6435.0,6150.0
2025-07-25T08:40:46.318396,bitmart,115200.1,115200.2,475.0,9733.0
2025-07-25T08:40:46.380438,bitrue,115217.02,115217.03,2.0192,19.9942
2025-07-25T08:40:46.650481,blofin,115227.0,115227.1,106.0,206.0
2025-07-25T08:40:47.147480,blofin,115227.0,115227.1,6070.0,287.0
2025-07-25T08:40:47.410878,bitmart,115200.1,115200.2,475.0,9733.0
2025-07-25T08:40:47.644249,blofin,115227.0,115227.1,6070.0,287.0
2025-07-25T08:40:48.201068,blofin,115227.0,115227.1,6070.0,287.0
2025-07-25T08:40:48.401003,bitmart,115200.1,115200.2,475.0,10987.0
2025-07-25T08:40:48.467652,bitrue,115217.02,115217.03,2.0192,19.9942
2025-07-25T08:40:48.661308,blofin,115227.0,115227.1,4481.0,265.0
2025-07-25T08:40:49.215719,blofin,115227.0,115227.1,4481.0,265.0
2025-07-25T08:40:49.313046,bitmart,115200.1,115200.2,475.0,14321.0
2025-07-25T08:40:49.511735,bitrue,115217.02,115217.03,2.0192,19.9942
2025-07-25T08:40:49.658347,blofin,115227.0,115227.1,4481.0,265.0
2025-07-25T08:40:50.158671,blofin,115227.0,115227.1,5163.0,208.0
2025-07-25T08:40:50.315600,bitmart,115200.1,115200.2,475.0,14108.0
2025-07-25T08:40:50.655504,blofin,115227.0,115227.1,5163.0,208.0
2025-07-25T08:40:51.175094,blofin,115227.0,115227.1,4427.0,188.0
2025-07-25T08:40:51.309849,bitmart,115200.1,115200.2,570.0,2998.0
2025-07-25T08:40:51.609131,bitrue,115217.02,115217.03,2.0192,19.9942
2025-07-25T08:40:51.654441,blofin,115227.0,115227.1,3121.0,224.0
2025-07-25T08:40:52.201168,blofin,115200.9,115203.5,4807.0,368.0
2025-07-25T08:40:52.400232,bitmart,115197.4,115197.5,10079.0,10932.0
2025-07-25T08:40:52.643732,blofin,115221.8,115226.4,207.0,1.0
2025-07-25T08:40:53.183114,blofin,115221.8,115226.4,207.0,1.0
2025-07-25T08:40:53.356467,bitmart,115190.4,115193.6,6523.0,2281.0
2025-07-25T08:40:53.651902,blofin,115212.8,115212.9,4083.0,7921.0
2025-07-25T08:40:53.711613,bitrue,115217.02,115217.03,2.0192,19.9942
2025-07-25T08:40:54.163910,blofin,115212.8,115212.9,6446.0,693.0
2025-07-25T08:40:54.345982,bitmart,115190.5,115190.6,519.0,9113.0
2025-07-25T08:40:54.647963,blofin,115212.8,115212.9,6446.0,693.0
2025-07-25T08:40:54.757415,bitrue,115217.02,115217.03,2.0192,19.9942
2025-07-25T08:40:55.194336,blofin,115212.8,115212.9,6446.0,693.0
2025-07-25T08:40:55.328343,bitmart,115186.6,115186.8,2760.0,447.0
2025-07-25T08:40:55.648601,blofin,115212.8,115212.9,3268.0,8150.0
2025-07-25T08:40:55.804663,bitrue,115205.1,115205.11,0.0001,21.8034
2025-07-25T08:40:56.224276,blofin,115212.8,115212.9,3268.0,8150.0
2025-07-25T08:40:56.299826,bitmart,115186.7,115186.8,519.0,11646.0
2025-07-25T08:40:56.650835,blofin,115212.8,115212.9,3322.0,6721.0
2025-07-25T08:40:57.181216,blofin,115212.8,115212.9,4728.0,7900.0
2025-07-25T08:40:57.337821,bitmart,115186.7,115195.5,10409.0,8822.0
2025-07-25T08:40:57.647160,blofin,115212.8,115212.9,4728.0,7900.0
2025-07-25T08:40:57.895722,bitrue,115205.1,115205.11,0.0001,21.8034
2025-07-25T08:40:58.229138,blofin,115223.1,115223.2,6291.0,188.0
2025-07-25T08:40:58.393354,bitmart,115194.9,115195.0,11371.0,5.0
2025-07-25T08:40:58.654834,blofin,115223.1,115223.2,279.0,10454.0
2025-07-25T08:40:58.943026,bitrue,115205.1,115205.11,0.0001,21.8034
2025-07-25T08:40:59.187966,blofin,115223.1,115223.2,279.0,10454.0
2025-07-25T08:40:59.331386,bitmart,115172.1,115181.2,48.0,945.0
2025-07-25T08:40:59.645062,blofin,115201.3,115201.4,127.0,32501.0
2025-07-25T08:40:59.990742,bitrue,115205.1,115205.11,0.0001,21.8034
2025-07-25T08:41:00.156018,blofin,115200.0,115200.1,538.1,211.0
2025-07-25T08:41:00.347818,bitmart,115177.0,115177.1,11923.0,4152.0
2025-07-25T08:41:00.665952,blofin,115201.3,115201.4,5393.0,9007.0
2025-07-25T08:41:01.210208,blofin,115201.3,115201.4,5393.0,9007.0
2025-07-25T08:41:01.353531,bitmart,115135.2,115155.4,147.0,5.0
2025-07-25T08:41:01.656818,blofin,115165.1,115165.2,3116.0,5589.0
2025-07-25T08:41:02.082489,bitrue,115155.31,115155.32,2.8462,2.4187
2025-07-25T08:41:02.155704,blofin,115165.1,115165.2,3116.0,5589.0
2025-07-25T08:41:02.316630,bitmart,115145.5,115145.6,10568.0,9583.0
2025-07-25T08:41:02.649802,blofin,115173.9,115174.0,13277.0,498.0
2025-07-25T08:41:03.201037,blofin,115173.9,115174.0,13277.0,498.0
2025-07-25T08:41:03.377017,bitmart,115145.5,115145.6,10877.0,6592.0
2025-07-25T08:41:03.649723,blofin,115173.9,115174.0,3232.0,5230.0
2025-07-25T08:41:04.159464,blofin,115173.9,115174.0,5696.0,4548.0
2025-07-25T08:41:04.173860,bitrue,115166.81,115166.82,1.1335,5.8848
2025-07-25T08:41:04.342429,bitmart,115157.6,115165.7,11322.0,11811.0
2025-07-25T08:41:04.650547,blofin,115173.9,115174.0,5696.0,4548.0
2025-07-25T08:41:05.173713,blofin,115191.5,115191.6,27100.0,14.0
2025-07-25T08:41:05.221078,bitrue,115166.81,115166.82,1.1335,5.8848
2025-07-25T08:41:05.378230,bitmart,115165.6,115165.7,12358.0,12998.0
2025-07-25T08:41:05.647880,blofin,115191.5,115191.6,27100.0,14.0
