timestamp,symbol,bid,ask,bid_vol,ask_vol
2025-07-25T08:16:26.797489,ACT-USDT,0.044,0.044,0.0,0.0
2025-07-25T08:16:26.913554,AIXBT-USDT,0.1394,0.1394,0.0,0.0
2025-07-25T08:16:26.937822,ANIME-USDT,0.01862,0.01862,0.0,0.0
2025-07-25T08:16:27.102677,AAVE-USDT,287.13,287.13,0.0,0.0
2025-07-25T08:16:27.147337,A-USDT,0.5589,0.5589,0.0,0.0
2025-07-25T08:16:27.237507,1INCH-USDT,0.273,0.273,0.0,0.0
2025-07-25T08:16:27.306543,ADA-USDT,0.7978,0.7978,0.0,0.0
2025-07-25T08:16:27.446642,ACE-USDT,0.561,0.561,0.0,0.0
2025-07-25T08:16:27.455858,AI-USDT,0.1308,0.1308,0.0,0.0
2025-07-25T08:16:27.547372,ALGO-USDT,0.2576,0.2576,0.0,0.0
2025-07-25T08:16:27.552860,AEVO-USDT,0.1043,0.1043,0.0,0.0
2025-07-25T08:16:27.914106,AIXBT-USDT,0.1394,0.1394,0.0,0.0
2025-07-25T08:16:28.147010,A-USDT,0.5589,0.5589,0.0,0.0
2025-07-25T08:16:28.307311,ADA-USDT,0.7978,0.7978,0.0,0.0
2025-07-25T08:16:28.472065,ALT-USDT,0.03347,0.03347,0.0,0.0
2025-07-25T08:16:28.547461,ALGO-USDT,0.2576,0.2576,0.0,0.0
2025-07-25T08:16:28.552445,AEVO-USDT,0.1043,0.1043,0.0,0.0
2025-07-25T08:16:29.102734,AAVE-USDT,287.13,287.13,0.0,0.0
2025-07-25T08:16:29.146636,A-USDT,0.5589,0.5589,0.0,0.0
2025-07-25T08:16:29.237266,1INCH-USDT,0.273,0.273,0.0,0.0
2025-07-25T08:16:29.309769,ADA-USDT,0.7978,0.7978,0.0,0.0
2025-07-25T08:16:29.458088,AI-USDT,0.1309,0.1309,0.0,0.0
2025-07-25T08:16:29.471847,ALT-USDT,0.03347,0.03347,0.0,0.0
2025-07-25T08:16:29.547412,ALGO-USDT,0.2576,0.2576,0.0,0.0
2025-07-25T08:16:29.552439,AEVO-USDT,0.1044,0.1044,0.0,0.0
2025-07-25T08:16:29.684692,AGLD-USDT,0.769,0.769,0.0,0.0
2025-07-25T08:16:29.797895,ACT-USDT,0.044,0.044,0.0,0.0
2025-07-25T08:16:29.894478,ACH-USDT,0.02162,0.02162,0.0,0.0
2025-07-25T08:16:29.913872,AIXBT-USDT,0.1396,0.1396,0.0,0.0
2025-07-25T08:16:29.937540,ANIME-USDT,0.01862,0.01862,0.0,0.0
2025-07-25T08:16:30.102861,AAVE-USDT,287.18,287.18,0.0,0.0
2025-07-25T08:16:30.146864,A-USDT,0.559,0.559,0.0,0.0
2025-07-25T08:16:30.237138,1INCH-USDT,0.2731,0.2731,0.0,0.0
2025-07-25T08:16:30.308257,ADA-USDT,0.7979,0.7979,0.0,0.0
2025-07-25T08:16:30.446493,ACE-USDT,0.561,0.561,0.0,0.0
2025-07-25T08:16:30.457276,AI-USDT,0.1309,0.1309,0.0,0.0
2025-07-25T08:16:30.476328,ALT-USDT,0.03347,0.03347,0.0,0.0
2025-07-25T08:16:30.548767,ALGO-USDT,0.2576,0.2576,0.0,0.0
2025-07-25T08:16:30.552566,AEVO-USDT,0.1044,0.1044,0.0,0.0
2025-07-25T08:16:30.684536,AGLD-USDT,0.769,0.769,0.0,0.0
2025-07-25T08:16:30.797716,ACT-USDT,0.0441,0.0441,0.0,0.0
2025-07-25T08:16:30.894729,ACH-USDT,0.02162,0.02162,0.0,0.0
2025-07-25T08:16:30.913355,AIXBT-USDT,0.1396,0.1396,0.0,0.0
2025-07-25T08:16:30.937683,ANIME-USDT,0.01864,0.01864,0.0,0.0
2025-07-25T08:16:31.103131,AAVE-USDT,287.2,287.2,0.0,0.0
2025-07-25T08:16:31.237288,1INCH-USDT,0.2731,0.2731,0.0,0.0
2025-07-25T08:16:31.308241,ADA-USDT,0.798,0.798,0.0,0.0
2025-07-25T08:16:31.447102,ACE-USDT,0.561,0.561,0.0,0.0
2025-07-25T08:16:31.464857,AI-USDT,0.131,0.131,0.0,0.0
2025-07-25T08:16:31.474011,ALT-USDT,0.03348,0.03348,0.0,0.0
2025-07-25T08:16:31.548105,ALGO-USDT,0.2576,0.2576,0.0,0.0
2025-07-25T08:16:31.552759,AEVO-USDT,0.1044,0.1044,0.0,0.0
2025-07-25T08:16:31.684907,AGLD-USDT,0.769,0.769,0.0,0.0
2025-07-25T08:16:31.797718,ACT-USDT,0.0441,0.0441,0.0,0.0
2025-07-25T08:16:31.894771,ACH-USDT,0.02162,0.02162,0.0,0.0
2025-07-25T08:16:31.913868,AIXBT-USDT,0.1396,0.1396,0.0,0.0
2025-07-25T08:16:31.937476,ANIME-USDT,0.01864,0.01864,0.0,0.0
2025-07-25T08:16:32.101716,AAVE-USDT,287.2,287.2,0.0,0.0
2025-07-25T08:16:32.147073,A-USDT,0.559,0.559,0.0,0.0
2025-07-25T08:16:32.237509,1INCH-USDT,0.2731,0.2731,0.0,0.0
2025-07-25T08:16:32.307865,ADA-USDT,0.798,0.798,0.0,0.0
2025-07-25T08:16:32.447582,ACE-USDT,0.561,0.561,0.0,0.0
2025-07-25T08:16:32.464314,AI-USDT,0.131,0.131,0.0,0.0
2025-07-25T08:16:32.472232,ALT-USDT,0.03348,0.03348,0.0,0.0
2025-07-25T08:16:32.547814,ALGO-USDT,0.2577,0.2577,0.0,0.0
2025-07-25T08:16:32.555502,AEVO-USDT,0.1044,0.1044,0.0,0.0
2025-07-25T08:16:32.684764,AGLD-USDT,0.769,0.769,0.0,0.0
2025-07-25T08:16:32.797496,ACT-USDT,0.0441,0.0441,0.0,0.0
2025-07-25T08:16:32.894498,ACH-USDT,0.02162,0.02162,0.0,0.0
2025-07-25T08:16:32.913341,AIXBT-USDT,0.1396,0.1396,0.0,0.0
2025-07-25T08:16:32.937579,ANIME-USDT,0.01864,0.01864,0.0,0.0
2025-07-25T08:16:33.102114,AAVE-USDT,287.13,287.13,0.0,0.0
2025-07-25T08:16:33.146604,A-USDT,0.559,0.559,0.0,0.0
2025-07-25T08:16:33.237666,1INCH-USDT,0.2731,0.2731,0.0,0.0
2025-07-25T08:16:33.309101,ADA-USDT,0.7978,0.7978,0.0,0.0
2025-07-25T08:16:33.448399,ACE-USDT,0.561,0.561,0.0,0.0
2025-07-25T08:16:33.459034,AI-USDT,0.1309,0.1309,0.0,0.0
2025-07-25T08:16:33.471542,ALT-USDT,0.03347,0.03347,0.0,0.0
2025-07-25T08:16:33.554399,ALGO-USDT,0.2577,0.2577,0.0,0.0
2025-07-25T08:16:33.555572,AEVO-USDT,0.1044,0.1044,0.0,0.0
2025-07-25T08:16:33.685888,AGLD-USDT,0.769,0.769,0.0,0.0
2025-07-25T08:16:33.799046,ACT-USDT,0.0441,0.0441,0.0,0.0
2025-07-25T08:16:33.894741,ACH-USDT,0.02162,0.02162,0.0,0.0
2025-07-25T08:16:33.913342,AIXBT-USDT,0.1395,0.1395,0.0,0.0
2025-07-25T08:16:33.937472,ANIME-USDT,0.01864,0.01864,0.0,0.0
2025-07-25T08:16:34.102988,AAVE-USDT,287.07,287.07,0.0,0.0
2025-07-25T08:16:34.147003,A-USDT,0.559,0.559,0.0,0.0
2025-07-25T08:16:34.234550,1INCH-USDT,0.2731,0.2731,0.0,0.0
2025-07-25T08:16:34.307140,ADA-USDT,0.7976,0.7976,0.0,0.0
2025-07-25T08:16:34.446676,ACE-USDT,0.561,0.561,0.0,0.0
2025-07-25T08:16:34.455761,AI-USDT,0.1309,0.1309,0.0,0.0
2025-07-25T08:16:34.471921,ALT-USDT,0.03347,0.03347,0.0,0.0
2025-07-25T08:16:34.548235,ALGO-USDT,0.2577,0.2577,0.0,0.0
2025-07-25T08:16:34.552430,AEVO-USDT,0.1044,0.1044,0.0,0.0
2025-07-25T08:16:34.684920,AGLD-USDT,0.769,0.769,0.0,0.0
2025-07-25T08:16:34.798231,ACT-USDT,0.0441,0.0441,0.0,0.0
2025-07-25T08:16:34.894447,ACH-USDT,0.02162,0.02162,0.0,0.0
2025-07-25T08:16:34.913482,AIXBT-USDT,0.1395,0.1395,0.0,0.0
2025-07-25T08:16:34.937331,ANIME-USDT,0.01864,0.01864,0.0,0.0
2025-07-25T08:16:35.102444,AAVE-USDT,287.07,287.07,0.0,0.0
2025-07-25T08:16:35.237436,1INCH-USDT,0.2731,0.2731,0.0,0.0
2025-07-25T08:16:35.306573,ADA-USDT,0.7977,0.7977,0.0,0.0
2025-07-25T08:16:35.446314,ACE-USDT,0.561,0.561,0.0,0.0
2025-07-25T08:16:35.459994,AI-USDT,0.1309,0.1309,0.0,0.0
2025-07-25T08:16:35.471675,ALT-USDT,0.03347,0.03347,0.0,0.0
2025-07-25T08:16:35.554454,ALGO-USDT,0.2575,0.2575,0.0,0.0
2025-07-25T08:16:35.557614,AEVO-USDT,0.1044,0.1044,0.0,0.0
2025-07-25T08:16:35.797203,ACT-USDT,0.0441,0.0441,0.0,0.0
2025-07-25T08:16:35.895114,ACH-USDT,0.02162,0.02162,0.0,0.0
2025-07-25T08:16:35.915420,AIXBT-USDT,0.1396,0.1396,0.0,0.0
2025-07-25T08:16:35.937452,ANIME-USDT,0.01864,0.01864,0.0,0.0
2025-07-25T08:16:36.103422,AAVE-USDT,287.22,287.22,0.0,0.0
2025-07-25T08:16:36.146644,A-USDT,0.5589,0.5589,0.0,0.0
2025-07-25T08:16:36.237862,1INCH-USDT,0.2731,0.2731,0.0,0.0
2025-07-25T08:16:36.308062,ADA-USDT,0.7979,0.7979,0.0,0.0
2025-07-25T08:16:36.447688,ACE-USDT,0.561,0.561,0.0,0.0
2025-07-25T08:16:36.457379,AI-USDT,0.1309,0.1309,0.0,0.0
2025-07-25T08:16:36.471834,ALT-USDT,0.03348,0.03348,0.0,0.0
2025-07-25T08:16:36.547687,ALGO-USDT,0.2575,0.2575,0.0,0.0
2025-07-25T08:16:36.552669,AEVO-USDT,0.1044,0.1044,0.0,0.0
2025-07-25T08:16:36.684936,AGLD-USDT,0.769,0.769,0.0,0.0
2025-07-25T08:16:36.798154,ACT-USDT,0.0441,0.0441,0.0,0.0
2025-07-25T08:16:36.894937,ACH-USDT,0.02162,0.02162,0.0,0.0
2025-07-25T08:16:36.914100,AIXBT-USDT,0.1397,0.1397,0.0,0.0
2025-07-25T08:16:36.937746,ANIME-USDT,0.01862,0.01862,0.0,0.0
2025-07-25T08:16:37.104344,AAVE-USDT,287.25,287.25,0.0,0.0
2025-07-25T08:16:37.147060,A-USDT,0.5591,0.5591,0.0,0.0
2025-07-25T08:16:37.237685,1INCH-USDT,0.2731,0.2731,0.0,0.0
2025-07-25T08:16:37.308412,ADA-USDT,0.7981,0.7981,0.0,0.0
2025-07-25T08:16:37.447299,ACE-USDT,0.561,0.561,0.0,0.0
2025-07-25T08:16:37.461391,AI-USDT,0.1309,0.1309,0.0,0.0
2025-07-25T08:16:37.472773,ALT-USDT,0.03349,0.03349,0.0,0.0
2025-07-25T08:16:37.548093,ALGO-USDT,0.2576,0.2576,0.0,0.0
2025-07-25T08:16:37.552577,AEVO-USDT,0.1046,0.1046,0.0,0.0
2025-07-25T08:16:37.686246,AGLD-USDT,0.769,0.769,0.0,0.0
2025-07-25T08:16:37.797148,ACT-USDT,0.0441,0.0441,0.0,0.0
2025-07-25T08:16:37.895036,ACH-USDT,0.02162,0.02162,0.0,0.0
2025-07-25T08:16:37.915349,AIXBT-USDT,0.1397,0.1397,0.0,0.0
2025-07-25T08:16:37.939176,ANIME-USDT,0.01862,0.01862,0.0,0.0
2025-07-25T08:16:38.101718,AAVE-USDT,287.3,287.3,0.0,0.0
2025-07-25T08:16:38.146817,A-USDT,0.5592,0.5592,0.0,0.0
2025-07-25T08:16:38.234481,1INCH-USDT,0.2732,0.2732,0.0,0.0
2025-07-25T08:16:38.307944,ADA-USDT,0.7982,0.7982,0.0,0.0
2025-07-25T08:16:38.457303,AI-USDT,0.131,0.131,0.0,0.0
2025-07-25T08:16:38.471392,ALT-USDT,0.03349,0.03349,0.0,0.0
2025-07-25T08:16:38.548169,ALGO-USDT,0.2577,0.2577,0.0,0.0
2025-07-25T08:16:38.552420,AEVO-USDT,0.1046,0.1046,0.0,0.0
2025-07-25T08:16:38.685053,AGLD-USDT,0.769,0.769,0.0,0.0
2025-07-25T08:16:38.797395,ACT-USDT,0.0441,0.0441,0.0,0.0
2025-07-25T08:16:38.913264,AIXBT-USDT,0.1397,0.1397,0.0,0.0
2025-07-25T08:16:38.937659,ANIME-USDT,0.01862,0.01862,0.0,0.0
2025-07-25T08:16:39.103174,AAVE-USDT,287.31,287.31,0.0,0.0
2025-07-25T08:16:39.236914,1INCH-USDT,0.2732,0.2732,0.0,0.0
2025-07-25T08:16:39.308353,ADA-USDT,0.7983,0.7983,0.0,0.0
2025-07-25T08:16:39.446389,ACE-USDT,0.561,0.561,0.0,0.0
2025-07-25T08:16:39.457425,AI-USDT,0.131,0.131,0.0,0.0
2025-07-25T08:16:39.472099,ALT-USDT,0.03349,0.03349,0.0,0.0
2025-07-25T08:16:39.547754,ALGO-USDT,0.2577,0.2577,0.0,0.0
2025-07-25T08:16:39.552807,AEVO-USDT,0.1044,0.1044,0.0,0.0
2025-07-25T08:16:39.684965,AGLD-USDT,0.769,0.769,0.0,0.0
2025-07-25T08:16:39.796504,ACT-USDT,0.0441,0.0441,0.0,0.0
2025-07-25T08:16:39.894832,ACH-USDT,0.02162,0.02162,0.0,0.0
2025-07-25T08:16:39.913377,AIXBT-USDT,0.1397,0.1397,0.0,0.0
2025-07-25T08:16:39.937612,ANIME-USDT,0.01862,0.01862,0.0,0.0
2025-07-25T08:16:40.101417,AAVE-USDT,287.38,287.38,0.0,0.0
2025-07-25T08:16:40.146743,A-USDT,0.5592,0.5592,0.0,0.0
2025-07-25T08:16:40.235346,1INCH-USDT,0.2732,0.2732,0.0,0.0
2025-07-25T08:16:40.308394,ADA-USDT,0.7984,0.7984,0.0,0.0
2025-07-25T08:16:40.471848,ALT-USDT,0.03348,0.03348,0.0,0.0
2025-07-25T08:16:40.547421,ALGO-USDT,0.2577,0.2577,0.0,0.0
2025-07-25T08:16:40.552539,AEVO-USDT,0.1044,0.1044,0.0,0.0
2025-07-25T08:16:40.684432,AGLD-USDT,0.769,0.769,0.0,0.0
2025-07-25T08:16:40.798220,ACT-USDT,0.0441,0.0441,0.0,0.0
2025-07-25T08:16:40.894430,ACH-USDT,0.02162,0.02162,0.0,0.0
2025-07-25T08:16:40.914769,AIXBT-USDT,0.1397,0.1397,0.0,0.0
2025-07-25T08:16:40.937413,ANIME-USDT,0.01862,0.01862,0.0,0.0
2025-07-25T08:16:41.103185,AAVE-USDT,287.38,287.38,0.0,0.0
2025-07-25T08:16:41.146548,A-USDT,0.5592,0.5592,0.0,0.0
2025-07-25T08:16:41.237208,1INCH-USDT,0.2732,0.2732,0.0,0.0
2025-07-25T08:16:41.307873,ADA-USDT,0.7983,0.7983,0.0,0.0
2025-07-25T08:16:41.459003,AI-USDT,0.131,0.131,0.0,0.0
2025-07-25T08:16:41.471319,ALT-USDT,0.03348,0.03348,0.0,0.0
2025-07-25T08:16:41.547673,ALGO-USDT,0.2577,0.2577,0.0,0.0
2025-07-25T08:16:41.552488,AEVO-USDT,0.1044,0.1044,0.0,0.0
2025-07-25T08:16:41.684599,AGLD-USDT,0.769,0.769,0.0,0.0
2025-07-25T08:16:41.799435,ACT-USDT,0.0441,0.0441,0.0,0.0
2025-07-25T08:16:41.894984,ACH-USDT,0.02162,0.02162,0.0,0.0
2025-07-25T08:16:41.937868,ANIME-USDT,0.01862,0.01862,0.0,0.0
2025-07-25T08:16:42.103376,AAVE-USDT,287.3,287.3,0.0,0.0
2025-07-25T08:16:42.149614,A-USDT,0.5592,0.5592,0.0,0.0
2025-07-25T08:16:42.307973,ADA-USDT,0.7984,0.7984,0.0,0.0
2025-07-25T08:16:42.471703,ALT-USDT,0.03348,0.03348,0.0,0.0
2025-07-25T08:16:42.548218,ALGO-USDT,0.2577,0.2577,0.0,0.0
2025-07-25T08:16:42.553226,AEVO-USDT,0.1044,0.1044,0.0,0.0
2025-07-25T08:16:42.797451,ACT-USDT,0.0442,0.0442,0.0,0.0
2025-07-25T08:16:42.894505,ACH-USDT,0.02162,0.02162,0.0,0.0
2025-07-25T08:16:42.913395,AIXBT-USDT,0.1397,0.1397,0.0,0.0
2025-07-25T08:16:42.937255,ANIME-USDT,0.01862,0.01862,0.0,0.0
2025-07-25T08:16:43.102707,AAVE-USDT,287.3,287.3,0.0,0.0
2025-07-25T08:16:43.308468,ADA-USDT,0.7985,0.7985,0.0,0.0
2025-07-25T08:16:43.471820,ALT-USDT,0.03348,0.03348,0.0,0.0
2025-07-25T08:16:43.548146,ALGO-USDT,0.2577,0.2577,0.0,0.0
2025-07-25T08:16:43.552550,AEVO-USDT,0.1044,0.1044,0.0,0.0
2025-07-25T08:16:43.684326,AGLD-USDT,0.769,0.769,0.0,0.0
2025-07-25T08:16:43.797651,ACT-USDT,0.0442,0.0442,0.0,0.0
2025-07-25T08:16:43.894571,ACH-USDT,0.02162,0.02162,0.0,0.0
2025-07-25T08:16:43.913340,AIXBT-USDT,0.1397,0.1397,0.0,0.0
2025-07-25T08:16:43.938890,ANIME-USDT,0.01862,0.01862,0.0,0.0
2025-07-25T08:16:44.103664,AAVE-USDT,287.3,287.3,0.0,0.0
2025-07-25T08:16:44.307764,ADA-USDT,0.7985,0.7985,0.0,0.0
2025-07-25T08:16:44.548377,ALGO-USDT,0.2577,0.2577,0.0,0.0
2025-07-25T08:16:44.552468,AEVO-USDT,0.1044,0.1044,0.0,0.0
2025-07-25T08:16:44.685277,AGLD-USDT,0.769,0.769,0.0,0.0
2025-07-25T08:16:44.796597,ACT-USDT,0.0442,0.0442,0.0,0.0
2025-07-25T08:16:44.913966,AIXBT-USDT,0.1397,0.1397,0.0,0.0
2025-07-25T08:16:44.937690,ANIME-USDT,0.01862,0.01862,0.0,0.0
2025-07-25T08:16:45.104113,AAVE-USDT,287.3,287.3,0.0,0.0
2025-07-25T08:16:45.308635,ADA-USDT,0.7987,0.7987,0.0,0.0
2025-07-25T08:16:45.547529,ALGO-USDT,0.2577,0.2577,0.0,0.0
2025-07-25T08:16:45.552503,AEVO-USDT,0.1044,0.1044,0.0,0.0
2025-07-25T08:16:45.684862,AGLD-USDT,0.77,0.77,0.0,0.0
2025-07-25T08:16:45.797140,ACT-USDT,0.0442,0.0442,0.0,0.0
2025-07-25T08:16:45.913160,AIXBT-USDT,0.1397,0.1397,0.0,0.0
2025-07-25T08:16:45.937297,ANIME-USDT,0.01862,0.01862,0.0,0.0
2025-07-25T08:16:46.147011,A-USDT,0.5592,0.5592,0.0,0.0
2025-07-25T08:16:46.308624,ADA-USDT,0.7988,0.7988,0.0,0.0
2025-07-25T08:16:46.457644,AI-USDT,0.131,0.131,0.0,0.0
2025-07-25T08:16:46.552765,AEVO-USDT,0.1044,0.1044,0.0,0.0
2025-07-25T08:16:46.684135,AGLD-USDT,0.77,0.77,0.0,0.0
2025-07-25T08:16:46.798256,ACT-USDT,0.0442,0.0442,0.0,0.0
2025-07-25T08:16:46.914505,AIXBT-USDT,0.1398,0.1398,0.0,0.0
2025-07-25T08:16:46.941543,ANIME-USDT,0.01862,0.01862,0.0,0.0
2025-07-25T08:16:47.103622,AAVE-USDT,287.29,287.29,0.0,0.0
2025-07-25T08:16:47.147322,A-USDT,0.5593,0.5593,0.0,0.0
2025-07-25T08:16:47.310118,ADA-USDT,0.7988,0.7988,0.0,0.0
2025-07-25T08:16:47.447992,ACE-USDT,0.561,0.561,0.0,0.0
2025-07-25T08:16:47.456218,AI-USDT,0.131,0.131,0.0,0.0
2025-07-25T08:16:47.473068,ALT-USDT,0.03348,0.03348,0.0,0.0
2025-07-25T08:16:47.548974,ALGO-USDT,0.2578,0.2578,0.0,0.0
2025-07-25T08:16:47.552492,AEVO-USDT,0.1044,0.1044,0.0,0.0
2025-07-25T08:16:47.684309,AGLD-USDT,0.77,0.77,0.0,0.0
2025-07-25T08:16:47.894967,ACH-USDT,0.02162,0.02162,0.0,0.0
2025-07-25T08:16:47.913970,AIXBT-USDT,0.1398,0.1398,0.0,0.0
2025-07-25T08:16:47.937705,ANIME-USDT,0.01862,0.01862,0.0,0.0
2025-07-25T08:16:48.146708,A-USDT,0.5593,0.5593,0.0,0.0
2025-07-25T08:16:48.307665,ADA-USDT,0.7989,0.7989,0.0,0.0
2025-07-25T08:16:48.446873,ACE-USDT,0.561,0.561,0.0,0.0
2025-07-25T08:16:48.460406,AI-USDT,0.131,0.131,0.0,0.0
2025-07-25T08:16:48.547865,ALGO-USDT,0.2578,0.2578,0.0,0.0
2025-07-25T08:16:48.552418,AEVO-USDT,0.1045,0.1045,0.0,0.0
2025-07-25T08:16:48.684774,AGLD-USDT,0.77,0.77,0.0,0.0
2025-07-25T08:16:48.797640,ACT-USDT,0.0442,0.0442,0.0,0.0
2025-07-25T08:16:48.894380,ACH-USDT,0.02162,0.02162,0.0,0.0
2025-07-25T08:16:48.913655,AIXBT-USDT,0.1398,0.1398,0.0,0.0
2025-07-25T08:16:48.937196,ANIME-USDT,0.01862,0.01862,0.0,0.0
2025-07-25T08:16:49.104334,AAVE-USDT,287.36,287.36,0.0,0.0
2025-07-25T08:16:49.146730,A-USDT,0.5595,0.5595,0.0,0.0
2025-07-25T08:16:49.238352,1INCH-USDT,0.2734,0.2734,0.0,0.0
2025-07-25T08:16:49.310997,ADA-USDT,0.7992,0.7992,0.0,0.0
2025-07-25T08:16:49.448339,ACE-USDT,0.561,0.561,0.0,0.0
2025-07-25T08:16:49.458601,AI-USDT,0.131,0.131,0.0,0.0
2025-07-25T08:16:49.471748,ALT-USDT,0.03349,0.03349,0.0,0.0
2025-07-25T08:16:49.548009,ALGO-USDT,0.2578,0.2578,0.0,0.0
2025-07-25T08:16:49.552751,AEVO-USDT,0.1045,0.1045,0.0,0.0
2025-07-25T08:16:49.684568,AGLD-USDT,0.77,0.77,0.0,0.0
2025-07-25T08:16:49.797933,ACT-USDT,0.0442,0.0442,0.0,0.0
2025-07-25T08:16:49.894832,ACH-USDT,0.02164,0.02164,0.0,0.0
2025-07-25T08:16:49.913687,AIXBT-USDT,0.1399,0.1399,0.0,0.0
2025-07-25T08:16:49.937663,ANIME-USDT,0.01862,0.01862,0.0,0.0
2025-07-25T08:16:50.102641,AAVE-USDT,287.42,287.42,0.0,0.0
2025-07-25T08:16:50.146327,A-USDT,0.5596,0.5596,0.0,0.0
2025-07-25T08:16:50.307841,ADA-USDT,0.7994,0.7994,0.0,0.0
2025-07-25T08:16:50.446225,ACE-USDT,0.561,0.561,0.0,0.0
2025-07-25T08:16:50.455583,AI-USDT,0.1311,0.1311,0.0,0.0
2025-07-25T08:16:50.471542,ALT-USDT,0.0335,0.0335,0.0,0.0
2025-07-25T08:16:50.547718,ALGO-USDT,0.2578,0.2578,0.0,0.0
2025-07-25T08:16:50.553219,AEVO-USDT,0.1045,0.1045,0.0,0.0
2025-07-25T08:16:50.684224,AGLD-USDT,0.77,0.77,0.0,0.0
2025-07-25T08:16:50.796460,ACT-USDT,0.0442,0.0442,0.0,0.0
2025-07-25T08:16:50.894296,ACH-USDT,0.02164,0.02164,0.0,0.0
2025-07-25T08:16:50.913294,AIXBT-USDT,0.1399,0.1399,0.0,0.0
2025-07-25T08:16:50.937263,ANIME-USDT,0.01863,0.01863,0.0,0.0
2025-07-25T08:16:51.101695,AAVE-USDT,287.42,287.42,0.0,0.0
2025-07-25T08:16:51.306673,ADA-USDT,0.7994,0.7994,0.0,0.0
2025-07-25T08:16:51.447190,ACE-USDT,0.561,0.561,0.0,0.0
2025-07-25T08:16:51.457587,AI-USDT,0.1311,0.1311,0.0,0.0
2025-07-25T08:16:51.471541,ALT-USDT,0.0335,0.0335,0.0,0.0
2025-07-25T08:16:51.547267,ALGO-USDT,0.2578,0.2578,0.0,0.0
2025-07-25T08:16:51.552222,AEVO-USDT,0.1045,0.1045,0.0,0.0
2025-07-25T08:16:51.684168,AGLD-USDT,0.77,0.77,0.0,0.0
2025-07-25T08:16:51.797383,ACT-USDT,0.0442,0.0442,0.0,0.0
2025-07-25T08:16:51.894342,ACH-USDT,0.02164,0.02164,0.0,0.0
2025-07-25T08:16:51.913445,AIXBT-USDT,0.1399,0.1399,0.0,0.0
2025-07-25T08:16:51.937662,ANIME-USDT,0.01863,0.01863,0.0,0.0
2025-07-25T08:16:52.103323,AAVE-USDT,287.42,287.42,0.0,0.0
2025-07-25T08:16:52.308120,ADA-USDT,0.7994,0.7994,0.0,0.0
2025-07-25T08:16:52.456133,AI-USDT,0.1311,0.1311,0.0,0.0
2025-07-25T08:16:52.471423,ALT-USDT,0.03351,0.03351,0.0,0.0
2025-07-25T08:16:52.547143,ALGO-USDT,0.2578,0.2578,0.0,0.0
2025-07-25T08:16:52.552369,AEVO-USDT,0.1045,0.1045,0.0,0.0
2025-07-25T08:16:52.686129,AGLD-USDT,0.77,0.77,0.0,0.0
2025-07-25T08:16:52.796956,ACT-USDT,0.0442,0.0442,0.0,0.0
2025-07-25T08:16:52.894342,ACH-USDT,0.02164,0.02164,0.0,0.0
2025-07-25T08:16:52.913294,AIXBT-USDT,0.1399,0.1399,0.0,0.0
2025-07-25T08:16:52.937325,ANIME-USDT,0.01863,0.01863,0.0,0.0
2025-07-25T08:16:53.103281,AAVE-USDT,287.46,287.46,0.0,0.0
2025-07-25T08:16:53.146339,A-USDT,0.5597,0.5597,0.0,0.0
2025-07-25T08:16:53.234692,1INCH-USDT,0.2735,0.2735,0.0,0.0
2025-07-25T08:16:53.308225,ADA-USDT,0.7995,0.7995,0.0,0.0
2025-07-25T08:16:53.456499,AI-USDT,0.1311,0.1311,0.0,0.0
2025-07-25T08:16:53.471414,ALT-USDT,0.03351,0.03351,0.0,0.0
2025-07-25T08:16:53.547334,ALGO-USDT,0.258,0.258,0.0,0.0
2025-07-25T08:16:53.552657,AEVO-USDT,0.1045,0.1045,0.0,0.0
2025-07-25T08:16:53.684410,AGLD-USDT,0.77,0.77,0.0,0.0
2025-07-25T08:16:53.913626,AIXBT-USDT,0.1399,0.1399,0.0,0.0
2025-07-25T08:16:54.102769,AAVE-USDT,287.46,287.46,0.0,0.0
2025-07-25T08:16:54.146305,A-USDT,0.5597,0.5597,0.0,0.0
2025-07-25T08:16:54.238000,1INCH-USDT,0.2735,0.2735,0.0,0.0
2025-07-25T08:16:54.307999,ADA-USDT,0.7995,0.7995,0.0,0.0
2025-07-25T08:16:54.471418,ALT-USDT,0.03351,0.03351,0.0,0.0
2025-07-25T08:16:54.548570,ALGO-USDT,0.258,0.258,0.0,0.0
2025-07-25T08:16:54.552753,AEVO-USDT,0.1045,0.1045,0.0,0.0
2025-07-25T08:16:54.798544,ACT-USDT,0.0442,0.0442,0.0,0.0
2025-07-25T08:16:54.894370,ACH-USDT,0.02164,0.02164,0.0,0.0
2025-07-25T08:16:54.913536,AIXBT-USDT,0.1399,0.1399,0.0,0.0
2025-07-25T08:16:54.937553,ANIME-USDT,0.01863,0.01863,0.0,0.0
2025-07-25T08:16:55.146737,A-USDT,0.5597,0.5597,0.0,0.0
2025-07-25T08:16:55.237010,1INCH-USDT,0.2735,0.2735,0.0,0.0
2025-07-25T08:16:55.305523,ADA-USDT,0.7995,0.7995,0.0,0.0
2025-07-25T08:16:55.445669,ACE-USDT,0.561,0.561,0.0,0.0
2025-07-25T08:16:55.454320,AI-USDT,0.1311,0.1311,0.0,0.0
2025-07-25T08:16:55.472414,ALT-USDT,0.03351,0.03351,0.0,0.0
2025-07-25T08:16:55.684285,AGLD-USDT,0.77,0.77,0.0,0.0
2025-07-25T08:16:55.913462,AIXBT-USDT,0.1399,0.1399,0.0,0.0
2025-07-25T08:16:55.937267,ANIME-USDT,0.01863,0.01863,0.0,0.0
2025-07-25T08:16:56.102314,AAVE-USDT,287.46,287.46,0.0,0.0
2025-07-25T08:16:56.145985,A-USDT,0.5597,0.5597,0.0,0.0
2025-07-25T08:16:56.237443,1INCH-USDT,0.2735,0.2735,0.0,0.0
2025-07-25T08:16:56.308636,ADA-USDT,0.7997,0.7997,0.0,0.0
2025-07-25T08:16:56.547942,ALGO-USDT,0.258,0.258,0.0,0.0
2025-07-25T08:16:56.552515,AEVO-USDT,0.1045,0.1045,0.0,0.0
2025-07-25T08:16:56.894580,ACH-USDT,0.02165,0.02165,0.0,0.0
2025-07-25T08:16:56.913070,AIXBT-USDT,0.1399,0.1399,0.0,0.0
2025-07-25T08:16:57.102025,AAVE-USDT,287.48,287.48,0.0,0.0
2025-07-25T08:16:57.146738,A-USDT,0.5597,0.5597,0.0,0.0
2025-07-25T08:16:57.262936,1INCH-USDT,0.2735,0.2735,0.0,0.0
2025-07-25T08:16:57.344896,ADA-USDT,0.7998,0.7998,0.0,0.0
2025-07-25T08:16:57.421504,ACE-USDT,0.561,0.561,0.0,0.0
2025-07-25T08:16:57.442222,AI-USDT,0.1311,0.1311,0.0,0.0
2025-07-25T08:16:57.471987,ALT-USDT,0.03352,0.03352,0.0,0.0
2025-07-25T08:16:57.547434,ALGO-USDT,0.2582,0.2582,0.0,0.0
2025-07-25T08:16:57.552521,AEVO-USDT,0.1045,0.1045,0.0,0.0
2025-07-25T08:16:57.684234,AGLD-USDT,0.77,0.77,0.0,0.0
2025-07-25T08:16:57.795518,ACT-USDT,0.0442,0.0442,0.0,0.0
2025-07-25T08:16:57.894311,ACH-USDT,0.02165,0.02165,0.0,0.0
2025-07-25T08:16:57.913124,AIXBT-USDT,0.1399,0.1399,0.0,0.0
2025-07-25T08:16:57.937236,ANIME-USDT,0.01863,0.01863,0.0,0.0
2025-07-25T08:16:58.102291,AAVE-USDT,287.57,287.57,0.0,0.0
2025-07-25T08:16:58.146433,A-USDT,0.5599,0.5599,0.0,0.0
2025-07-25T08:16:58.234562,1INCH-USDT,0.2737,0.2737,0.0,0.0
2025-07-25T08:16:58.306298,ADA-USDT,0.7998,0.7998,0.0,0.0
2025-07-25T08:16:58.450889,AI-USDT,0.1311,0.1311,0.0,0.0
2025-07-25T08:16:58.471445,ALT-USDT,0.03352,0.03352,0.0,0.0
2025-07-25T08:16:58.547483,ALGO-USDT,0.2582,0.2582,0.0,0.0
2025-07-25T08:16:58.552534,AEVO-USDT,0.1045,0.1045,0.0,0.0
2025-07-25T08:16:58.796960,ACT-USDT,0.0442,0.0442,0.0,0.0
2025-07-25T08:16:58.913252,AIXBT-USDT,0.1399,0.1399,0.0,0.0
2025-07-25T08:16:59.102832,AAVE-USDT,287.56,287.56,0.0,0.0
2025-07-25T08:16:59.307819,ADA-USDT,0.7998,0.7998,0.0,0.0
2025-07-25T08:16:59.454563,AI-USDT,0.1311,0.1311,0.0,0.0
2025-07-25T08:16:59.547701,ALGO-USDT,0.2582,0.2582,0.0,0.0
2025-07-25T08:16:59.797694,ACT-USDT,0.0442,0.0442,0.0,0.0
2025-07-25T08:16:59.894579,ACH-USDT,0.02165,0.02165,0.0,0.0
2025-07-25T08:16:59.913435,AIXBT-USDT,0.1399,0.1399,0.0,0.0
2025-07-25T08:17:00.101962,AAVE-USDT,287.56,287.56,0.0,0.0
2025-07-25T08:17:00.146944,A-USDT,0.5599,0.5599,0.0,0.0
2025-07-25T08:17:00.237160,1INCH-USDT,0.2737,0.2737,0.0,0.0
2025-07-25T08:17:00.308411,ADA-USDT,0.7998,0.7998,0.0,0.0
2025-07-25T08:17:00.456940,AI-USDT,0.1311,0.1311,0.0,0.0
2025-07-25T08:17:00.471825,ALT-USDT,0.03353,0.03353,0.0,0.0
2025-07-25T08:17:00.551189,ALGO-USDT,0.2582,0.2582,0.0,0.0
2025-07-25T08:17:00.557970,AEVO-USDT,0.1045,0.1045,0.0,0.0
2025-07-25T08:17:00.684105,AGLD-USDT,0.77,0.77,0.0,0.0
2025-07-25T08:17:00.797153,ACT-USDT,0.0442,0.0442,0.0,0.0
2025-07-25T08:17:00.913718,AIXBT-USDT,0.1399,0.1399,0.0,0.0
2025-07-25T08:17:00.937310,ANIME-USDT,0.01863,0.01863,0.0,0.0
2025-07-25T08:17:01.103196,AAVE-USDT,287.51,287.51,0.0,0.0
2025-07-25T08:17:01.146560,A-USDT,0.5599,0.5599,0.0,0.0
2025-07-25T08:17:01.237105,1INCH-USDT,0.2737,0.2737,0.0,0.0
2025-07-25T08:17:01.308232,ADA-USDT,0.7999,0.7999,0.0,0.0
2025-07-25T08:17:01.446275,ACE-USDT,0.561,0.561,0.0,0.0
2025-07-25T08:17:01.460057,AI-USDT,0.1311,0.1311,0.0,0.0
2025-07-25T08:17:01.471558,ALT-USDT,0.03353,0.03353,0.0,0.0
2025-07-25T08:17:01.547394,ALGO-USDT,0.2582,0.2582,0.0,0.0
2025-07-25T08:17:01.552041,AEVO-USDT,0.1045,0.1045,0.0,0.0
2025-07-25T08:17:01.684328,AGLD-USDT,0.77,0.77,0.0,0.0
2025-07-25T08:17:01.796967,ACT-USDT,0.0442,0.0442,0.0,0.0
2025-07-25T08:17:01.894493,ACH-USDT,0.02165,0.02165,0.0,0.0
2025-07-25T08:17:01.913897,AIXBT-USDT,0.1401,0.1401,0.0,0.0
2025-07-25T08:17:01.937044,ANIME-USDT,0.01863,0.01863,0.0,0.0
2025-07-25T08:17:02.101851,AAVE-USDT,287.51,287.51,0.0,0.0
2025-07-25T08:17:02.146414,A-USDT,0.5598,0.5598,0.0,0.0
2025-07-25T08:17:02.237075,1INCH-USDT,0.2737,0.2737,0.0,0.0
2025-07-25T08:17:02.306178,ADA-USDT,0.7999,0.7999,0.0,0.0
2025-07-25T08:17:02.445869,ACE-USDT,0.561,0.561,0.0,0.0
2025-07-25T08:17:02.456374,AI-USDT,0.1311,0.1311,0.0,0.0
2025-07-25T08:17:02.471097,ALT-USDT,0.03353,0.03353,0.0,0.0
2025-07-25T08:17:02.548051,ALGO-USDT,0.2582,0.2582,0.0,0.0
2025-07-25T08:17:02.552096,AEVO-USDT,0.1045,0.1045,0.0,0.0
2025-07-25T08:17:02.913153,AIXBT-USDT,0.1401,0.1401,0.0,0.0
2025-07-25T08:17:02.937101,ANIME-USDT,0.01863,0.01863,0.0,0.0
2025-07-25T08:17:03.101529,AAVE-USDT,287.51,287.51,0.0,0.0
2025-07-25T08:17:03.146387,A-USDT,0.5598,0.5598,0.0,0.0
2025-07-25T08:17:03.237088,1INCH-USDT,0.2737,0.2737,0.0,0.0
2025-07-25T08:17:03.308219,ADA-USDT,0.7999,0.7999,0.0,0.0
2025-07-25T08:17:03.471221,ALT-USDT,0.03352,0.03352,0.0,0.0
2025-07-25T08:17:03.547313,ALGO-USDT,0.2582,0.2582,0.0,0.0
2025-07-25T08:17:03.684587,AGLD-USDT,0.77,0.77,0.0,0.0
2025-07-25T08:17:03.795230,ACT-USDT,0.0442,0.0442,0.0,0.0
2025-07-25T08:17:03.914269,AIXBT-USDT,0.1399,0.1399,0.0,0.0
2025-07-25T08:17:03.937427,ANIME-USDT,0.01863,0.01863,0.0,0.0
2025-07-25T08:17:04.101914,AAVE-USDT,287.51,287.51,0.0,0.0
2025-07-25T08:17:04.309058,ADA-USDT,0.7998,0.7998,0.0,0.0
2025-07-25T08:17:04.460470,AI-USDT,0.1312,0.1312,0.0,0.0
2025-07-25T08:17:04.547407,ALGO-USDT,0.258,0.258,0.0,0.0
2025-07-25T08:17:04.684528,AGLD-USDT,0.77,0.77,0.0,0.0
2025-07-25T08:17:04.913043,AIXBT-USDT,0.1399,0.1399,0.0,0.0
2025-07-25T08:17:04.937377,ANIME-USDT,0.01863,0.01863,0.0,0.0
2025-07-25T08:17:05.102550,AAVE-USDT,287.51,287.51,0.0,0.0
2025-07-25T08:17:05.307977,ADA-USDT,0.7994,0.7994,0.0,0.0
2025-07-25T08:17:05.459021,AI-USDT,0.1312,0.1312,0.0,0.0
2025-07-25T08:17:05.471759,ALT-USDT,0.03352,0.03352,0.0,0.0
2025-07-25T08:17:05.547276,ALGO-USDT,0.258,0.258,0.0,0.0
2025-07-25T08:17:05.552000,AEVO-USDT,0.1045,0.1045,0.0,0.0
2025-07-25T08:17:05.797703,ACT-USDT,0.0442,0.0442,0.0,0.0
2025-07-25T08:17:05.894328,ACH-USDT,0.02165,0.02165,0.0,0.0
2025-07-25T08:17:05.913473,AIXBT-USDT,0.1399,0.1399,0.0,0.0
2025-07-25T08:17:05.937348,ANIME-USDT,0.01863,0.01863,0.0,0.0
2025-07-25T08:17:06.101981,AAVE-USDT,287.51,287.51,0.0,0.0
2025-07-25T08:17:06.147238,A-USDT,0.5598,0.5598,0.0,0.0
2025-07-25T08:17:06.309181,ADA-USDT,0.7994,0.7994,0.0,0.0
2025-07-25T08:17:06.471491,ALT-USDT,0.03352,0.03352,0.0,0.0
2025-07-25T08:17:06.547332,ALGO-USDT,0.2579,0.2579,0.0,0.0
2025-07-25T08:17:06.552717,AEVO-USDT,0.1045,0.1045,0.0,0.0
2025-07-25T08:17:06.684314,AGLD-USDT,0.77,0.77,0.0,0.0
2025-07-25T08:17:06.796376,ACT-USDT,0.0442,0.0442,0.0,0.0
2025-07-25T08:17:06.894526,ACH-USDT,0.02165,0.02165,0.0,0.0
2025-07-25T08:17:06.913224,AIXBT-USDT,0.1399,0.1399,0.0,0.0
2025-07-25T08:17:06.937528,ANIME-USDT,0.01863,0.01863,0.0,0.0
2025-07-25T08:17:07.102222,AAVE-USDT,287.46,287.46,0.0,0.0
2025-07-25T08:17:07.148352,A-USDT,0.5598,0.5598,0.0,0.0
2025-07-25T08:17:07.237304,1INCH-USDT,0.2737,0.2737,0.0,0.0
2025-07-25T08:17:07.307706,ADA-USDT,0.7994,0.7994,0.0,0.0
2025-07-25T08:17:07.446483,ACE-USDT,0.561,0.561,0.0,0.0
2025-07-25T08:17:07.457142,AI-USDT,0.1312,0.1312,0.0,0.0
2025-07-25T08:17:07.471753,ALT-USDT,0.03352,0.03352,0.0,0.0
2025-07-25T08:17:07.547898,ALGO-USDT,0.2579,0.2579,0.0,0.0
2025-07-25T08:17:07.552241,AEVO-USDT,0.1045,0.1045,0.0,0.0
2025-07-25T08:17:07.684212,AGLD-USDT,0.77,0.77,0.0,0.0
2025-07-25T08:17:07.894355,ACH-USDT,0.02165,0.02165,0.0,0.0
2025-07-25T08:17:07.913841,AIXBT-USDT,0.1399,0.1399,0.0,0.0
2025-07-25T08:17:07.937216,ANIME-USDT,0.01863,0.01863,0.0,0.0
2025-07-25T08:17:08.103192,AAVE-USDT,287.46,287.46,0.0,0.0
2025-07-25T08:17:08.147006,A-USDT,0.5598,0.5598,0.0,0.0
2025-07-25T08:17:08.237415,1INCH-USDT,0.2737,0.2737,0.0,0.0
2025-07-25T08:17:08.307585,ADA-USDT,0.7995,0.7995,0.0,0.0
2025-07-25T08:17:08.471968,ALT-USDT,0.03351,0.03351,0.0,0.0
2025-07-25T08:17:08.548105,ALGO-USDT,0.2579,0.2579,0.0,0.0
2025-07-25T08:17:08.552267,AEVO-USDT,0.1045,0.1045,0.0,0.0
2025-07-25T08:17:08.684513,AGLD-USDT,0.77,0.77,0.0,0.0
2025-07-25T08:17:08.797898,ACT-USDT,0.0442,0.0442,0.0,0.0
2025-07-25T08:17:08.913410,AIXBT-USDT,0.14,0.14,0.0,0.0
2025-07-25T08:17:08.937453,ANIME-USDT,0.01863,0.01863,0.0,0.0
2025-07-25T08:17:09.102450,AAVE-USDT,287.5,287.5,0.0,0.0
2025-07-25T08:17:09.146184,A-USDT,0.5598,0.5598,0.0,0.0
2025-07-25T08:17:09.307934,ADA-USDT,0.7995,0.7995,0.0,0.0
2025-07-25T08:17:09.547679,ALGO-USDT,0.2579,0.2579,0.0,0.0
2025-07-25T08:17:09.552490,AEVO-USDT,0.1045,0.1045,0.0,0.0
2025-07-25T08:17:09.684216,AGLD-USDT,0.77,0.77,0.0,0.0
2025-07-25T08:17:09.796411,ACT-USDT,0.0442,0.0442,0.0,0.0
2025-07-25T08:17:09.894478,ACH-USDT,0.02165,0.02165,0.0,0.0
2025-07-25T08:17:09.913618,AIXBT-USDT,0.14,0.14,0.0,0.0
2025-07-25T08:17:09.937421,ANIME-USDT,0.01864,0.01864,0.0,0.0
2025-07-25T08:17:10.101848,AAVE-USDT,287.54,287.54,0.0,0.0
2025-07-25T08:17:10.146844,A-USDT,0.5599,0.5599,0.0,0.0
2025-07-25T08:17:10.307277,ADA-USDT,0.7998,0.7998,0.0,0.0
2025-07-25T08:17:10.454165,AI-USDT,0.1312,0.1312,0.0,0.0
2025-07-25T08:17:10.471962,ALT-USDT,0.03351,0.03351,0.0,0.0
2025-07-25T08:17:10.547483,ALGO-USDT,0.2579,0.2579,0.0,0.0
2025-07-25T08:17:10.796900,ACT-USDT,0.0442,0.0442,0.0,0.0
2025-07-25T08:17:10.894645,ACH-USDT,0.02165,0.02165,0.0,0.0
2025-07-25T08:17:10.914209,AIXBT-USDT,0.14,0.14,0.0,0.0
2025-07-25T08:17:10.937248,ANIME-USDT,0.01864,0.01864,0.0,0.0
2025-07-25T08:17:11.102581,AAVE-USDT,287.54,287.54,0.0,0.0
2025-07-25T08:17:11.146524,A-USDT,0.5599,0.5599,0.0,0.0
2025-07-25T08:17:11.237390,1INCH-USDT,0.2737,0.2737,0.0,0.0
2025-07-25T08:17:11.308427,ADA-USDT,0.7997,0.7997,0.0,0.0
2025-07-25T08:17:11.446002,ACE-USDT,0.561,0.561,0.0,0.0
2025-07-25T08:17:11.460470,AI-USDT,0.1312,0.1312,0.0,0.0
2025-07-25T08:17:11.471397,ALT-USDT,0.03353,0.03353,0.0,0.0
2025-07-25T08:17:11.547967,ALGO-USDT,0.2579,0.2579,0.0,0.0
2025-07-25T08:17:11.552288,AEVO-USDT,0.1045,0.1045,0.0,0.0
2025-07-25T08:17:11.684628,AGLD-USDT,0.77,0.77,0.0,0.0
2025-07-25T08:17:11.797208,ACT-USDT,0.0442,0.0442,0.0,0.0
2025-07-25T08:17:11.894213,ACH-USDT,0.02165,0.02165,0.0,0.0
2025-07-25T08:17:11.913216,AIXBT-USDT,0.14,0.14,0.0,0.0
2025-07-25T08:17:11.937024,ANIME-USDT,0.01864,0.01864,0.0,0.0
2025-07-25T08:17:12.102688,AAVE-USDT,287.54,287.54,0.0,0.0
2025-07-25T08:17:12.146269,A-USDT,0.5599,0.5599,0.0,0.0
2025-07-25T08:17:12.237569,1INCH-USDT,0.2737,0.2737,0.0,0.0
2025-07-25T08:17:12.308150,ADA-USDT,0.7998,0.7998,0.0,0.0
2025-07-25T08:17:12.447369,ACE-USDT,0.561,0.561,0.0,0.0
2025-07-25T08:17:12.457200,AI-USDT,0.1312,0.1312,0.0,0.0
2025-07-25T08:17:12.471399,ALT-USDT,0.03353,0.03353,0.0,0.0
2025-07-25T08:17:12.547125,ALGO-USDT,0.2579,0.2579,0.0,0.0
2025-07-25T08:17:12.552245,AEVO-USDT,0.1045,0.1045,0.0,0.0
2025-07-25T08:17:12.797564,ACT-USDT,0.0442,0.0442,0.0,0.0
2025-07-25T08:17:12.913153,AIXBT-USDT,0.1402,0.1402,0.0,0.0
2025-07-25T08:17:12.937639,ANIME-USDT,0.01864,0.01864,0.0,0.0
2025-07-25T08:17:13.101296,AAVE-USDT,287.54,287.54,0.0,0.0
2025-07-25T08:17:13.146162,A-USDT,0.5599,0.5599,0.0,0.0
2025-07-25T08:17:13.307860,ADA-USDT,0.8,0.8,0.0,0.0
2025-07-25T08:17:13.445650,ACE-USDT,0.561,0.561,0.0,0.0
2025-07-25T08:17:13.471494,ALT-USDT,0.03353,0.03353,0.0,0.0
2025-07-25T08:17:13.547354,ALGO-USDT,0.2579,0.2579,0.0,0.0
2025-07-25T08:17:13.552386,AEVO-USDT,0.1045,0.1045,0.0,0.0
2025-07-25T08:17:13.684525,AGLD-USDT,0.77,0.77,0.0,0.0
2025-07-25T08:17:13.894157,ACH-USDT,0.02165,0.02165,0.0,0.0
2025-07-25T08:17:13.913135,AIXBT-USDT,0.1403,0.1403,0.0,0.0
2025-07-25T08:17:13.938002,ANIME-USDT,0.01864,0.01864,0.0,0.0
2025-07-25T08:17:14.103467,AAVE-USDT,287.48,287.48,0.0,0.0
2025-07-25T08:17:14.146484,A-USDT,0.5598,0.5598,0.0,0.0
2025-07-25T08:17:14.236868,1INCH-USDT,0.2737,0.2737,0.0,0.0
2025-07-25T08:17:14.307428,ADA-USDT,0.7994,0.7994,0.0,0.0
2025-07-25T08:17:14.460660,AI-USDT,0.1312,0.1312,0.0,0.0
2025-07-25T08:17:14.471611,ALT-USDT,0.03353,0.03353,0.0,0.0
2025-07-25T08:17:14.547119,ALGO-USDT,0.2579,0.2579,0.0,0.0
2025-07-25T08:17:14.552347,AEVO-USDT,0.1045,0.1045,0.0,0.0
2025-07-25T08:17:14.684265,AGLD-USDT,0.77,0.77,0.0,0.0
2025-07-25T08:17:14.796483,ACT-USDT,0.0442,0.0442,0.0,0.0
2025-07-25T08:17:14.894044,ACH-USDT,0.02165,0.02165,0.0,0.0
2025-07-25T08:17:14.913177,AIXBT-USDT,0.1403,0.1403,0.0,0.0
2025-07-25T08:17:14.937140,ANIME-USDT,0.01864,0.01864,0.0,0.0
2025-07-25T08:17:15.102761,AAVE-USDT,287.48,287.48,0.0,0.0
2025-07-25T08:17:15.307676,ADA-USDT,0.7991,0.7991,0.0,0.0
2025-07-25T08:17:15.547227,ALGO-USDT,0.2579,0.2579,0.0,0.0
2025-07-25T08:17:15.684171,AGLD-USDT,0.77,0.77,0.0,0.0
2025-07-25T08:17:15.913701,AIXBT-USDT,0.1403,0.1403,0.0,0.0
2025-07-25T08:17:16.102465,AAVE-USDT,287.54,287.54,0.0,0.0
2025-07-25T08:17:16.237525,1INCH-USDT,0.2737,0.2737,0.0,0.0
2025-07-25T08:17:16.307732,ADA-USDT,0.7989,0.7989,0.0,0.0
2025-07-25T08:17:16.446030,ACE-USDT,0.562,0.562,0.0,0.0
2025-07-25T08:17:16.548292,ALGO-USDT,0.2579,0.2579,0.0,0.0
2025-07-25T08:17:16.552337,AEVO-USDT,0.1045,0.1045,0.0,0.0
2025-07-25T08:17:16.684174,AGLD-USDT,0.77,0.77,0.0,0.0
2025-07-25T08:17:16.797118,ACT-USDT,0.0442,0.0442,0.0,0.0
2025-07-25T08:17:16.894407,ACH-USDT,0.02165,0.02165,0.0,0.0
2025-07-25T08:17:16.913619,AIXBT-USDT,0.1401,0.1401,0.0,0.0
2025-07-25T08:17:16.937196,ANIME-USDT,0.01864,0.01864,0.0,0.0
2025-07-25T08:17:17.104088,AAVE-USDT,287.54,287.54,0.0,0.0
2025-07-25T08:17:17.146929,A-USDT,0.5598,0.5598,0.0,0.0
2025-07-25T08:17:17.236928,1INCH-USDT,0.2736,0.2736,0.0,0.0
2025-07-25T08:17:17.309064,ADA-USDT,0.7986,0.7986,0.0,0.0
2025-07-25T08:17:17.446989,ACE-USDT,0.562,0.562,0.0,0.0
2025-07-25T08:17:17.456124,AI-USDT,0.1312,0.1312,0.0,0.0
2025-07-25T08:17:17.471570,ALT-USDT,0.03351,0.03351,0.0,0.0
2025-07-25T08:17:17.547189,ALGO-USDT,0.2578,0.2578,0.0,0.0
2025-07-25T08:17:17.552064,AEVO-USDT,0.1045,0.1045,0.0,0.0
2025-07-25T08:17:17.684577,AGLD-USDT,0.77,0.77,0.0,0.0
2025-07-25T08:17:17.913249,AIXBT-USDT,0.1399,0.1399,0.0,0.0
2025-07-25T08:17:18.101557,AAVE-USDT,287.57,287.57,0.0,0.0
2025-07-25T08:17:18.308359,ADA-USDT,0.7985,0.7985,0.0,0.0
2025-07-25T08:17:18.446613,ACE-USDT,0.562,0.562,0.0,0.0
2025-07-25T08:17:18.471585,ALT-USDT,0.0335,0.0335,0.0,0.0
2025-07-25T08:17:18.546973,ALGO-USDT,0.2578,0.2578,0.0,0.0
2025-07-25T08:17:18.551947,AEVO-USDT,0.1045,0.1045,0.0,0.0
2025-07-25T08:17:18.684533,AGLD-USDT,0.77,0.77,0.0,0.0
2025-07-25T08:17:18.913630,AIXBT-USDT,0.1399,0.1399,0.0,0.0
2025-07-25T08:17:18.937135,ANIME-USDT,0.01864,0.01864,0.0,0.0
2025-07-25T08:17:19.102472,AAVE-USDT,287.62,287.62,0.0,0.0
2025-07-25T08:17:19.236998,1INCH-USDT,0.2736,0.2736,0.0,0.0
2025-07-25T08:17:19.312253,ADA-USDT,0.7984,0.7984,0.0,0.0
2025-07-25T08:17:19.446775,ACE-USDT,0.562,0.562,0.0,0.0
2025-07-25T08:17:19.458914,AI-USDT,0.1312,0.1312,0.0,0.0
2025-07-25T08:17:19.471352,ALT-USDT,0.0335,0.0335,0.0,0.0
2025-07-25T08:17:19.548663,ALGO-USDT,0.2578,0.2578,0.0,0.0
2025-07-25T08:17:19.552265,AEVO-USDT,0.1045,0.1045,0.0,0.0
2025-07-25T08:17:19.684191,AGLD-USDT,0.77,0.77,0.0,0.0
2025-07-25T08:17:19.894229,ACH-USDT,0.02165,0.02165,0.0,0.0
2025-07-25T08:17:19.913191,AIXBT-USDT,0.1399,0.1399,0.0,0.0
2025-07-25T08:17:19.937088,ANIME-USDT,0.01864,0.01864,0.0,0.0
2025-07-25T08:17:20.102227,AAVE-USDT,287.67,287.67,0.0,0.0
2025-07-25T08:17:20.146114,A-USDT,0.5598,0.5598,0.0,0.0
2025-07-25T08:17:20.236833,1INCH-USDT,0.2736,0.2736,0.0,0.0
2025-07-25T08:17:20.308491,ADA-USDT,0.7987,0.7987,0.0,0.0
2025-07-25T08:17:20.449396,ACE-USDT,0.562,0.562,0.0,0.0
2025-07-25T08:17:20.471441,ALT-USDT,0.0335,0.0335,0.0,0.0
2025-07-25T08:17:20.547491,ALGO-USDT,0.2578,0.2578,0.0,0.0
2025-07-25T08:17:20.552317,AEVO-USDT,0.1045,0.1045,0.0,0.0
2025-07-25T08:17:20.684555,AGLD-USDT,0.77,0.77,0.0,0.0
2025-07-25T08:17:20.913239,AIXBT-USDT,0.1399,0.1399,0.0,0.0
2025-07-25T08:17:20.937185,ANIME-USDT,0.01862,0.01862,0.0,0.0
2025-07-25T08:17:21.102720,AAVE-USDT,287.66,287.66,0.0,0.0
2025-07-25T08:17:21.146405,A-USDT,0.5603,0.5603,0.0,0.0
2025-07-25T08:17:21.237300,1INCH-USDT,0.2736,0.2736,0.0,0.0
2025-07-25T08:17:21.308319,ADA-USDT,0.7988,0.7988,0.0,0.0
2025-07-25T08:17:21.445824,ACE-USDT,0.562,0.562,0.0,0.0
2025-07-25T08:17:21.458645,AI-USDT,0.1312,0.1312,0.0,0.0
2025-07-25T08:17:21.471186,ALT-USDT,0.0335,0.0335,0.0,0.0
2025-07-25T08:17:21.547058,ALGO-USDT,0.2578,0.2578,0.0,0.0
2025-07-25T08:17:21.552392,AEVO-USDT,0.1045,0.1045,0.0,0.0
2025-07-25T08:17:21.684389,AGLD-USDT,0.77,0.77,0.0,0.0
2025-07-25T08:17:21.797193,ACT-USDT,0.0442,0.0442,0.0,0.0
2025-07-25T08:17:21.894261,ACH-USDT,0.02165,0.02165,0.0,0.0
2025-07-25T08:17:21.914196,AIXBT-USDT,0.1399,0.1399,0.0,0.0
2025-07-25T08:17:21.937504,ANIME-USDT,0.01862,0.01862,0.0,0.0
2025-07-25T08:17:22.102572,AAVE-USDT,287.63,287.63,0.0,0.0
2025-07-25T08:17:22.146380,A-USDT,0.5603,0.5603,0.0,0.0
2025-07-25T08:17:22.236947,1INCH-USDT,0.2736,0.2736,0.0,0.0
2025-07-25T08:17:22.307468,ADA-USDT,0.7989,0.7989,0.0,0.0
2025-07-25T08:17:22.461431,AI-USDT,0.1312,0.1312,0.0,0.0
2025-07-25T08:17:22.548277,ALGO-USDT,0.2577,0.2577,0.0,0.0
2025-07-25T08:17:22.553460,AEVO-USDT,0.1044,0.1044,0.0,0.0
2025-07-25T08:17:22.685150,AGLD-USDT,0.77,0.77,0.0,0.0
2025-07-25T08:17:22.895987,ACH-USDT,0.02165,0.02165,0.0,0.0
2025-07-25T08:17:22.913378,AIXBT-USDT,0.1399,0.1399,0.0,0.0
2025-07-25T08:17:23.102562,AAVE-USDT,287.63,287.63,0.0,0.0
2025-07-25T08:17:23.234221,1INCH-USDT,0.2736,0.2736,0.0,0.0
2025-07-25T08:17:23.308216,ADA-USDT,0.7989,0.7989,0.0,0.0
2025-07-25T08:17:23.454966,AI-USDT,0.1312,0.1312,0.0,0.0
2025-07-25T08:17:23.471284,ALT-USDT,0.03349,0.03349,0.0,0.0
2025-07-25T08:17:23.547168,ALGO-USDT,0.2577,0.2577,0.0,0.0
2025-07-25T08:17:23.552049,AEVO-USDT,0.1044,0.1044,0.0,0.0
2025-07-25T08:17:23.684818,AGLD-USDT,0.77,0.77,0.0,0.0
2025-07-25T08:17:23.913218,AIXBT-USDT,0.1399,0.1399,0.0,0.0
2025-07-25T08:17:23.937207,ANIME-USDT,0.01862,0.01862,0.0,0.0
2025-07-25T08:17:24.103028,AAVE-USDT,287.63,287.63,0.0,0.0
2025-07-25T08:17:24.146961,A-USDT,0.5603,0.5603,0.0,0.0
2025-07-25T08:17:24.236757,1INCH-USDT,0.2736,0.2736,0.0,0.0
2025-07-25T08:17:24.308216,ADA-USDT,0.7989,0.7989,0.0,0.0
2025-07-25T08:17:24.446132,ACE-USDT,0.562,0.562,0.0,0.0
2025-07-25T08:17:24.460625,AI-USDT,0.1312,0.1312,0.0,0.0
2025-07-25T08:17:24.471687,ALT-USDT,0.03349,0.03349,0.0,0.0
2025-07-25T08:17:24.547657,ALGO-USDT,0.2577,0.2577,0.0,0.0
2025-07-25T08:17:24.552228,AEVO-USDT,0.1044,0.1044,0.0,0.0
2025-07-25T08:17:24.796385,ACT-USDT,0.0442,0.0442,0.0,0.0
2025-07-25T08:17:24.914490,AIXBT-USDT,0.1399,0.1399,0.0,0.0
2025-07-25T08:17:24.936986,ANIME-USDT,0.01862,0.01862,0.0,0.0
2025-07-25T08:17:25.103289,AAVE-USDT,287.62,287.62,0.0,0.0
2025-07-25T08:17:25.307305,ADA-USDT,0.7989,0.7989,0.0,0.0
2025-07-25T08:17:25.445875,ACE-USDT,0.562,0.562,0.0,0.0
2025-07-25T08:17:25.459751,AI-USDT,0.1312,0.1312,0.0,0.0
2025-07-25T08:17:25.546946,ALGO-USDT,0.2577,0.2577,0.0,0.0
2025-07-25T08:17:25.684732,AGLD-USDT,0.77,0.77,0.0,0.0
2025-07-25T08:17:25.796966,ACT-USDT,0.0442,0.0442,0.0,0.0
2025-07-25T08:17:25.913074,AIXBT-USDT,0.1399,0.1399,0.0,0.0
2025-07-25T08:17:25.937073,ANIME-USDT,0.01862,0.01862,0.0,0.0
2025-07-25T08:17:26.101661,AAVE-USDT,287.62,287.62,0.0,0.0
2025-07-25T08:17:26.237058,1INCH-USDT,0.2735,0.2735,0.0,0.0
2025-07-25T08:17:26.307105,ADA-USDT,0.7988,0.7988,0.0,0.0
2025-07-25T08:17:26.913522,AIXBT-USDT,0.14,0.14,0.0,0.0
2025-07-25T08:17:27.102921,AAVE-USDT,287.62,287.62,0.0,0.0
2025-07-25T08:17:27.146508,A-USDT,0.5599,0.5599,0.0,0.0
2025-07-25T08:17:27.237104,1INCH-USDT,0.2735,0.2735,0.0,0.0
2025-07-25T08:17:27.308263,ADA-USDT,0.7988,0.7988,0.0,0.0
2025-07-25T08:17:27.446688,ACE-USDT,0.562,0.562,0.0,0.0
2025-07-25T08:17:27.458803,AI-USDT,0.1312,0.1312,0.0,0.0
2025-07-25T08:17:27.471710,ALT-USDT,0.03349,0.03349,0.0,0.0
2025-07-25T08:17:27.547668,ALGO-USDT,0.2577,0.2577,0.0,0.0
2025-07-25T08:17:27.687611,AGLD-USDT,0.77,0.77,0.0,0.0
2025-07-25T08:17:27.798543,ACT-USDT,0.0442,0.0442,0.0,0.0
2025-07-25T08:17:27.894396,ACH-USDT,0.02165,0.02165,0.0,0.0
2025-07-25T08:17:27.913029,AIXBT-USDT,0.14,0.14,0.0,0.0
2025-07-25T08:17:27.937259,ANIME-USDT,0.01862,0.01862,0.0,0.0
2025-07-25T08:17:28.102147,AAVE-USDT,287.66,287.66,0.0,0.0
2025-07-25T08:17:28.146160,A-USDT,0.5599,0.5599,0.0,0.0
2025-07-25T08:17:28.307346,ADA-USDT,0.7987,0.7987,0.0,0.0
2025-07-25T08:17:28.455291,AI-USDT,0.1312,0.1312,0.0,0.0
2025-07-25T08:17:28.478543,ALT-USDT,0.03349,0.03349,0.0,0.0
2025-07-25T08:17:28.547834,ALGO-USDT,0.2577,0.2577,0.0,0.0
2025-07-25T08:17:28.552067,AEVO-USDT,0.1044,0.1044,0.0,0.0
2025-07-25T08:17:28.894105,ACH-USDT,0.02165,0.02165,0.0,0.0
2025-07-25T08:17:28.913431,AIXBT-USDT,0.14,0.14,0.0,0.0
2025-07-25T08:17:28.936934,ANIME-USDT,0.01862,0.01862,0.0,0.0
2025-07-25T08:17:29.103134,AAVE-USDT,287.69,287.69,0.0,0.0
2025-07-25T08:17:29.146589,A-USDT,0.5601,0.5601,0.0,0.0
2025-07-25T08:17:29.236917,1INCH-USDT,0.2735,0.2735,0.0,0.0
2025-07-25T08:17:29.308341,ADA-USDT,0.7989,0.7989,0.0,0.0
2025-07-25T08:17:29.446905,ACE-USDT,0.562,0.562,0.0,0.0
2025-07-25T08:17:29.457570,AI-USDT,0.1312,0.1312,0.0,0.0
2025-07-25T08:17:29.471311,ALT-USDT,0.03349,0.03349,0.0,0.0
2025-07-25T08:17:29.547378,ALGO-USDT,0.2578,0.2578,0.0,0.0
2025-07-25T08:17:29.552691,AEVO-USDT,0.1044,0.1044,0.0,0.0
2025-07-25T08:17:29.683919,AGLD-USDT,0.77,0.77,0.0,0.0
2025-07-25T08:17:29.797539,ACT-USDT,0.0442,0.0442,0.0,0.0
2025-07-25T08:17:29.894278,ACH-USDT,0.02165,0.02165,0.0,0.0
2025-07-25T08:17:29.913250,AIXBT-USDT,0.14,0.14,0.0,0.0
2025-07-25T08:17:29.937174,ANIME-USDT,0.01862,0.01862,0.0,0.0
2025-07-25T08:17:30.101374,AAVE-USDT,287.7,287.7,0.0,0.0
2025-07-25T08:17:30.146116,A-USDT,0.5601,0.5601,0.0,0.0
2025-07-25T08:17:30.236543,1INCH-USDT,0.2735,0.2735,0.0,0.0
2025-07-25T08:17:30.306836,ADA-USDT,0.7989,0.7989,0.0,0.0
2025-07-25T08:17:30.446508,ACE-USDT,0.562,0.562,0.0,0.0
2025-07-25T08:17:30.471360,ALT-USDT,0.03349,0.03349,0.0,0.0
2025-07-25T08:17:30.547195,ALGO-USDT,0.2578,0.2578,0.0,0.0
2025-07-25T08:17:30.796727,ACT-USDT,0.0442,0.0442,0.0,0.0
2025-07-25T08:17:30.913455,AIXBT-USDT,0.14,0.14,0.0,0.0
2025-07-25T08:17:30.937229,ANIME-USDT,0.01863,0.01863,0.0,0.0
2025-07-25T08:17:31.101865,AAVE-USDT,287.73,287.73,0.0,0.0
2025-07-25T08:17:31.146075,A-USDT,0.5601,0.5601,0.0,0.0
2025-07-25T08:17:31.308574,ADA-USDT,0.7989,0.7989,0.0,0.0
2025-07-25T08:17:31.446757,ACE-USDT,0.562,0.562,0.0,0.0
2025-07-25T08:17:31.461023,AI-USDT,0.1312,0.1312,0.0,0.0
2025-07-25T08:17:31.471369,ALT-USDT,0.03351,0.03351,0.0,0.0
2025-07-25T08:17:31.547057,ALGO-USDT,0.2578,0.2578,0.0,0.0
2025-07-25T08:17:31.551938,AEVO-USDT,0.1044,0.1044,0.0,0.0
2025-07-25T08:17:31.685337,AGLD-USDT,0.769,0.769,0.0,0.0
2025-07-25T08:17:31.796865,ACT-USDT,0.0442,0.0442,0.0,0.0
2025-07-25T08:17:31.894343,ACH-USDT,0.02165,0.02165,0.0,0.0
2025-07-25T08:17:31.913744,AIXBT-USDT,0.14,0.14,0.0,0.0
2025-07-25T08:17:31.937169,ANIME-USDT,0.01863,0.01863,0.0,0.0
2025-07-25T08:17:32.103830,AAVE-USDT,287.75,287.75,0.0,0.0
2025-07-25T08:17:32.146369,A-USDT,0.5601,0.5601,0.0,0.0
2025-07-25T08:17:32.237231,1INCH-USDT,0.2735,0.2735,0.0,0.0
2025-07-25T08:17:32.309378,ADA-USDT,0.7987,0.7987,0.0,0.0
2025-07-25T08:17:32.458079,AI-USDT,0.1312,0.1312,0.0,0.0
2025-07-25T08:17:32.471089,ALT-USDT,0.0335,0.0335,0.0,0.0
2025-07-25T08:17:32.547430,ALGO-USDT,0.2578,0.2578,0.0,0.0
2025-07-25T08:17:32.552462,AEVO-USDT,0.1044,0.1044,0.0,0.0
2025-07-25T08:17:32.684171,AGLD-USDT,0.769,0.769,0.0,0.0
2025-07-25T08:17:32.797182,ACT-USDT,0.0442,0.0442,0.0,0.0
2025-07-25T08:17:32.894189,ACH-USDT,0.02165,0.02165,0.0,0.0
2025-07-25T08:17:32.914666,AIXBT-USDT,0.14,0.14,0.0,0.0
2025-07-25T08:17:32.937224,ANIME-USDT,0.01864,0.01864,0.0,0.0
2025-07-25T08:17:33.101650,AAVE-USDT,287.75,287.75,0.0,0.0
2025-07-25T08:17:33.146537,A-USDT,0.5601,0.5601,0.0,0.0
2025-07-25T08:17:33.307770,ADA-USDT,0.7987,0.7987,0.0,0.0
2025-07-25T08:17:33.441912,AI-USDT,0.1312,0.1312,0.0,0.0
2025-07-25T08:17:33.471232,ALT-USDT,0.0335,0.0335,0.0,0.0
2025-07-25T08:17:33.547269,ALGO-USDT,0.2578,0.2578,0.0,0.0
2025-07-25T08:17:33.684210,AGLD-USDT,0.769,0.769,0.0,0.0
2025-07-25T08:17:33.894608,ACH-USDT,0.02165,0.02165,0.0,0.0
2025-07-25T08:17:33.913161,AIXBT-USDT,0.14,0.14,0.0,0.0
2025-07-25T08:17:33.937337,ANIME-USDT,0.01864,0.01864,0.0,0.0
2025-07-25T08:17:34.101385,AAVE-USDT,287.75,287.75,0.0,0.0
2025-07-25T08:17:34.146104,A-USDT,0.5601,0.5601,0.0,0.0
2025-07-25T08:17:34.307930,ADA-USDT,0.7987,0.7987,0.0,0.0
2025-07-25T08:17:34.471288,ALT-USDT,0.0335,0.0335,0.0,0.0
2025-07-25T08:17:34.547073,ALGO-USDT,0.2578,0.2578,0.0,0.0
2025-07-25T08:17:34.684134,AGLD-USDT,0.769,0.769,0.0,0.0
2025-07-25T08:17:34.799740,ACT-USDT,0.0442,0.0442,0.0,0.0
2025-07-25T08:17:34.913577,AIXBT-USDT,0.14,0.14,0.0,0.0
2025-07-25T08:17:34.937485,ANIME-USDT,0.01864,0.01864,0.0,0.0
2025-07-25T08:17:35.146801,A-USDT,0.5601,0.5601,0.0,0.0
2025-07-25T08:17:35.234590,1INCH-USDT,0.2736,0.2736,0.0,0.0
2025-07-25T08:17:35.307389,ADA-USDT,0.7987,0.7987,0.0,0.0
2025-07-25T08:17:35.462061,AI-USDT,0.1312,0.1312,0.0,0.0
2025-07-25T08:17:35.547627,ALGO-USDT,0.2578,0.2578,0.0,0.0
2025-07-25T08:17:35.552524,AEVO-USDT,0.1044,0.1044,0.0,0.0
2025-07-25T08:17:35.684017,AGLD-USDT,0.769,0.769,0.0,0.0
2025-07-25T08:17:35.796297,ACT-USDT,0.0442,0.0442,0.0,0.0
2025-07-25T08:17:35.893979,ACH-USDT,0.02165,0.02165,0.0,0.0
2025-07-25T08:17:35.912872,AIXBT-USDT,0.14,0.14,0.0,0.0
2025-07-25T08:17:35.936975,ANIME-USDT,0.01864,0.01864,0.0,0.0
2025-07-25T08:17:36.103283,AAVE-USDT,287.8,287.8,0.0,0.0
2025-07-25T08:17:36.146239,A-USDT,0.5602,0.5602,0.0,0.0
2025-07-25T08:17:36.307516,ADA-USDT,0.7987,0.7987,0.0,0.0
2025-07-25T08:17:36.447304,ACE-USDT,0.562,0.562,0.0,0.0
2025-07-25T08:17:36.461693,AI-USDT,0.1312,0.1312,0.0,0.0
2025-07-25T08:17:36.472322,ALT-USDT,0.0335,0.0335,0.0,0.0
2025-07-25T08:17:36.547022,ALGO-USDT,0.2578,0.2578,0.0,0.0
2025-07-25T08:17:36.684751,AGLD-USDT,0.769,0.769,0.0,0.0
2025-07-25T08:17:36.913330,AIXBT-USDT,0.14,0.14,0.0,0.0
2025-07-25T08:17:36.938319,ANIME-USDT,0.01864,0.01864,0.0,0.0
2025-07-25T08:17:37.102705,AAVE-USDT,287.81,287.81,0.0,0.0
2025-07-25T08:17:37.146052,A-USDT,0.5602,0.5602,0.0,0.0
2025-07-25T08:17:37.309211,ADA-USDT,0.7987,0.7987,0.0,0.0
2025-07-25T08:17:37.455030,AI-USDT,0.1312,0.1312,0.0,0.0
2025-07-25T08:17:37.548060,ALGO-USDT,0.2578,0.2578,0.0,0.0
2025-07-25T08:17:37.551929,AEVO-USDT,0.1044,0.1044,0.0,0.0
2025-07-25T08:17:37.684288,AGLD-USDT,0.769,0.769,0.0,0.0
2025-07-25T08:17:37.796252,ACT-USDT,0.0442,0.0442,0.0,0.0
2025-07-25T08:17:37.913095,AIXBT-USDT,0.14,0.14,0.0,0.0
2025-07-25T08:17:37.937602,ANIME-USDT,0.01864,0.01864,0.0,0.0
2025-07-25T08:17:38.102894,AAVE-USDT,287.81,287.81,0.0,0.0
2025-07-25T08:17:38.146326,A-USDT,0.5602,0.5602,0.0,0.0
2025-07-25T08:17:38.237694,1INCH-USDT,0.2737,0.2737,0.0,0.0
2025-07-25T08:17:38.308342,ADA-USDT,0.7987,0.7987,0.0,0.0
2025-07-25T08:17:38.448631,ACE-USDT,0.562,0.562,0.0,0.0
2025-07-25T08:17:38.458635,AI-USDT,0.1312,0.1312,0.0,0.0
2025-07-25T08:17:38.471596,ALT-USDT,0.0335,0.0335,0.0,0.0
2025-07-25T08:17:38.549279,ALGO-USDT,0.2578,0.2578,0.0,0.0
2025-07-25T08:17:38.894422,ACH-USDT,0.02165,0.02165,0.0,0.0
2025-07-25T08:17:38.937384,ANIME-USDT,0.01864,0.01864,0.0,0.0
2025-07-25T08:17:39.101862,AAVE-USDT,287.81,287.81,0.0,0.0
2025-07-25T08:17:39.146095,A-USDT,0.5603,0.5603,0.0,0.0
2025-07-25T08:17:39.306454,ADA-USDT,0.7988,0.7988,0.0,0.0
2025-07-25T08:17:39.471651,ALT-USDT,0.03351,0.03351,0.0,0.0
2025-07-25T08:17:39.547572,ALGO-USDT,0.2578,0.2578,0.0,0.0
2025-07-25T08:17:39.552226,AEVO-USDT,0.1044,0.1044,0.0,0.0
2025-07-25T08:17:39.683935,AGLD-USDT,0.769,0.769,0.0,0.0
2025-07-25T08:17:39.797239,ACT-USDT,0.0442,0.0442,0.0,0.0
2025-07-25T08:17:39.894204,ACH-USDT,0.02166,0.02166,0.0,0.0
2025-07-25T08:17:39.912974,AIXBT-USDT,0.14,0.14,0.0,0.0
2025-07-25T08:17:39.937220,ANIME-USDT,0.01864,0.01864,0.0,0.0
2025-07-25T08:17:40.103012,AAVE-USDT,287.81,287.81,0.0,0.0
2025-07-25T08:17:40.146095,A-USDT,0.5604,0.5604,0.0,0.0
2025-07-25T08:17:40.285219,1INCH-USDT,0.2738,0.2738,0.0,0.0
2025-07-25T08:17:40.389953,ADA-USDT,0.7991,0.7991,0.0,0.0
2025-07-25T08:17:40.512059,ACE-USDT,0.562,0.562,0.0,0.0
2025-07-25T08:17:40.522837,AI-USDT,0.1312,0.1312,0.0,0.0
2025-07-25T08:17:40.525707,ALT-USDT,0.03353,0.03353,0.0,0.0
2025-07-25T08:17:40.554328,ALGO-USDT,0.2581,0.2581,0.0,0.0
2025-07-25T08:17:40.557198,AEVO-USDT,0.1046,0.1046,0.0,0.0
2025-07-25T08:17:40.683874,AGLD-USDT,0.769,0.769,0.0,0.0
2025-07-25T08:17:40.797246,ACT-USDT,0.0442,0.0442,0.0,0.0
2025-07-25T08:17:40.894273,ACH-USDT,0.02167,0.02167,0.0,0.0
2025-07-25T08:17:40.913451,AIXBT-USDT,0.14,0.14,0.0,0.0
2025-07-25T08:17:40.937079,ANIME-USDT,0.01864,0.01864,0.0,0.0
2025-07-25T08:17:41.101453,AAVE-USDT,287.92,287.92,0.0,0.0
2025-07-25T08:17:41.146332,A-USDT,0.5606,0.5606,0.0,0.0
2025-07-25T08:17:41.236831,1INCH-USDT,0.2738,0.2738,0.0,0.0
2025-07-25T08:17:41.308942,ADA-USDT,0.7991,0.7991,0.0,0.0
2025-07-25T08:17:41.446093,ACE-USDT,0.562,0.562,0.0,0.0
2025-07-25T08:17:41.460738,AI-USDT,0.1312,0.1312,0.0,0.0
2025-07-25T08:17:41.471289,ALT-USDT,0.03353,0.03353,0.0,0.0
2025-07-25T08:17:41.547077,ALGO-USDT,0.2581,0.2581,0.0,0.0
2025-07-25T08:17:41.552106,AEVO-USDT,0.1046,0.1046,0.0,0.0
2025-07-25T08:17:41.684135,AGLD-USDT,0.769,0.769,0.0,0.0
2025-07-25T08:17:41.797246,ACT-USDT,0.0442,0.0442,0.0,0.0
2025-07-25T08:17:41.894372,ACH-USDT,0.02167,0.02167,0.0,0.0
2025-07-25T08:17:41.912911,AIXBT-USDT,0.14,0.14,0.0,0.0
2025-07-25T08:17:41.937679,ANIME-USDT,0.01864,0.01864,0.0,0.0
2025-07-25T08:17:42.101582,AAVE-USDT,287.99,287.99,0.0,0.0
2025-07-25T08:17:42.145993,A-USDT,0.5606,0.5606,0.0,0.0
2025-07-25T08:17:42.238501,1INCH-USDT,0.2738,0.2738,0.0,0.0
2025-07-25T08:17:42.308207,ADA-USDT,0.7991,0.7991,0.0,0.0
2025-07-25T08:17:42.461803,AI-USDT,0.1312,0.1312,0.0,0.0
2025-07-25T08:17:42.546987,ALGO-USDT,0.2581,0.2581,0.0,0.0
2025-07-25T08:17:42.552250,AEVO-USDT,0.1046,0.1046,0.0,0.0
2025-07-25T08:17:42.797239,ACT-USDT,0.0442,0.0442,0.0,0.0
2025-07-25T08:17:42.894406,ACH-USDT,0.02167,0.02167,0.0,0.0
2025-07-25T08:17:42.913162,AIXBT-USDT,0.14,0.14,0.0,0.0
2025-07-25T08:17:42.937171,ANIME-USDT,0.01864,0.01864,0.0,0.0
2025-07-25T08:17:43.101117,AAVE-USDT,287.93,287.93,0.0,0.0
2025-07-25T08:17:43.147023,A-USDT,0.5606,0.5606,0.0,0.0
2025-07-25T08:17:43.307394,ADA-USDT,0.7993,0.7993,0.0,0.0
2025-07-25T08:17:43.455835,AI-USDT,0.1312,0.1312,0.0,0.0
2025-07-25T08:17:43.471488,ALT-USDT,0.03353,0.03353,0.0,0.0
2025-07-25T08:17:43.547151,ALGO-USDT,0.2581,0.2581,0.0,0.0
2025-07-25T08:17:43.684187,AGLD-USDT,0.769,0.769,0.0,0.0
2025-07-25T08:17:43.913364,AIXBT-USDT,0.14,0.14,0.0,0.0
2025-07-25T08:17:43.937300,ANIME-USDT,0.01864,0.01864,0.0,0.0
2025-07-25T08:17:44.101692,AAVE-USDT,287.95,287.95,0.0,0.0
2025-07-25T08:17:44.307549,ADA-USDT,0.7992,0.7992,0.0,0.0
2025-07-25T08:17:44.455276,AI-USDT,0.1312,0.1312,0.0,0.0
2025-07-25T08:17:44.471031,ALT-USDT,0.03353,0.03353,0.0,0.0
2025-07-25T08:17:44.546997,ALGO-USDT,0.2581,0.2581,0.0,0.0
2025-07-25T08:17:44.551866,AEVO-USDT,0.1046,0.1046,0.0,0.0
2025-07-25T08:17:44.683959,AGLD-USDT,0.769,0.769,0.0,0.0
2025-07-25T08:17:44.796940,ACT-USDT,0.0442,0.0442,0.0,0.0
2025-07-25T08:17:44.896444,ACH-USDT,0.02167,0.02167,0.0,0.0
2025-07-25T08:17:44.916459,AIXBT-USDT,0.14,0.14,0.0,0.0
2025-07-25T08:17:44.937247,ANIME-USDT,0.01864,0.01864,0.0,0.0
2025-07-25T08:17:45.103021,AAVE-USDT,287.92,287.92,0.0,0.0
2025-07-25T08:17:45.237214,1INCH-USDT,0.2738,0.2738,0.0,0.0
2025-07-25T08:17:45.308110,ADA-USDT,0.799,0.799,0.0,0.0
2025-07-25T08:17:45.446513,ACE-USDT,0.562,0.562,0.0,0.0
2025-07-25T08:17:45.547284,ALGO-USDT,0.2581,0.2581,0.0,0.0
2025-07-25T08:17:45.551847,AEVO-USDT,0.1046,0.1046,0.0,0.0
2025-07-25T08:17:45.683872,AGLD-USDT,0.769,0.769,0.0,0.0
2025-07-25T08:17:45.796940,ACT-USDT,0.0442,0.0442,0.0,0.0
2025-07-25T08:17:45.894190,ACH-USDT,0.02167,0.02167,0.0,0.0
2025-07-25T08:17:45.913110,AIXBT-USDT,0.14,0.14,0.0,0.0
2025-07-25T08:17:45.937125,ANIME-USDT,0.01864,0.01864,0.0,0.0
2025-07-25T08:17:46.101232,AAVE-USDT,287.92,287.92,0.0,0.0
2025-07-25T08:17:46.234125,1INCH-USDT,0.2738,0.2738,0.0,0.0
2025-07-25T08:17:46.307655,ADA-USDT,0.7993,0.7993,0.0,0.0
2025-07-25T08:17:46.446684,ACE-USDT,0.562,0.562,0.0,0.0
2025-07-25T08:17:46.471885,ALT-USDT,0.03353,0.03353,0.0,0.0
2025-07-25T08:17:46.547590,ALGO-USDT,0.2581,0.2581,0.0,0.0
2025-07-25T08:17:46.684104,AGLD-USDT,0.769,0.769,0.0,0.0
2025-07-25T08:17:46.796626,ACT-USDT,0.0442,0.0442,0.0,0.0
2025-07-25T08:17:46.913178,AIXBT-USDT,0.14,0.14,0.0,0.0
2025-07-25T08:17:46.937195,ANIME-USDT,0.01864,0.01864,0.0,0.0
2025-07-25T08:17:47.102445,AAVE-USDT,287.92,287.92,0.0,0.0
2025-07-25T08:17:47.307417,ADA-USDT,0.7994,0.7994,0.0,0.0
2025-07-25T08:17:47.547250,ALGO-USDT,0.2581,0.2581,0.0,0.0
2025-07-25T08:17:47.684132,AGLD-USDT,0.769,0.769,0.0,0.0
2025-07-25T08:17:47.936941,ANIME-USDT,0.01864,0.01864,0.0,0.0
2025-07-25T08:17:48.102655,AAVE-USDT,287.95,287.95,0.0,0.0
2025-07-25T08:17:48.237458,1INCH-USDT,0.2738,0.2738,0.0,0.0
2025-07-25T08:17:48.306500,ADA-USDT,0.7993,0.7993,0.0,0.0
2025-07-25T08:17:48.446170,ACE-USDT,0.562,0.562,0.0,0.0
2025-07-25T08:17:48.546959,ALGO-USDT,0.2581,0.2581,0.0,0.0
2025-07-25T08:17:48.551807,AEVO-USDT,0.1046,0.1046,0.0,0.0
2025-07-25T08:17:48.683948,AGLD-USDT,0.769,0.769,0.0,0.0
2025-07-25T08:17:48.893841,ACH-USDT,0.02167,0.02167,0.0,0.0
2025-07-25T08:17:48.914074,AIXBT-USDT,0.14,0.14,0.0,0.0
2025-07-25T08:17:48.937043,ANIME-USDT,0.01864,0.01864,0.0,0.0
2025-07-25T08:17:49.101223,AAVE-USDT,287.95,287.95,0.0,0.0
2025-07-25T08:17:49.234121,1INCH-USDT,0.2738,0.2738,0.0,0.0
2025-07-25T08:17:49.306316,ADA-USDT,0.7993,0.7993,0.0,0.0
2025-07-25T08:17:49.442061,AI-USDT,0.1312,0.1312,0.0,0.0
2025-07-25T08:17:49.552710,AEVO-USDT,0.1046,0.1046,0.0,0.0
2025-07-25T08:17:49.683823,AGLD-USDT,0.769,0.769,0.0,0.0
2025-07-25T08:17:49.798205,ACT-USDT,0.0443,0.0443,0.0,0.0
2025-07-25T08:17:49.913276,AIXBT-USDT,0.1402,0.1402,0.0,0.0
2025-07-25T08:17:49.937324,ANIME-USDT,0.01864,0.01864,0.0,0.0
2025-07-25T08:17:50.100881,AAVE-USDT,287.95,287.95,0.0,0.0
2025-07-25T08:17:50.234260,1INCH-USDT,0.2738,0.2738,0.0,0.0
2025-07-25T08:17:50.307512,ADA-USDT,0.7993,0.7993,0.0,0.0
2025-07-25T08:17:50.447891,ACE-USDT,0.562,0.562,0.0,0.0
2025-07-25T08:17:50.462465,AI-USDT,0.1312,0.1312,0.0,0.0
2025-07-25T08:17:50.471743,ALT-USDT,0.03352,0.03352,0.0,0.0
2025-07-25T08:17:50.547127,ALGO-USDT,0.2581,0.2581,0.0,0.0
2025-07-25T08:17:50.552339,AEVO-USDT,0.1046,0.1046,0.0,0.0
2025-07-25T08:17:50.683930,AGLD-USDT,0.769,0.769,0.0,0.0
2025-07-25T08:17:50.796814,ACT-USDT,0.0443,0.0443,0.0,0.0
2025-07-25T08:17:50.894196,ACH-USDT,0.02167,0.02167,0.0,0.0
2025-07-25T08:17:50.913155,AIXBT-USDT,0.1402,0.1402,0.0,0.0
2025-07-25T08:17:50.937512,ANIME-USDT,0.01864,0.01864,0.0,0.0
2025-07-25T08:17:51.102236,AAVE-USDT,287.92,287.92,0.0,0.0
2025-07-25T08:17:51.146774,A-USDT,0.5606,0.5606,0.0,0.0
2025-07-25T08:17:51.307504,ADA-USDT,0.7992,0.7992,0.0,0.0
2025-07-25T08:17:51.470911,ALT-USDT,0.03352,0.03352,0.0,0.0
2025-07-25T08:17:51.547155,ALGO-USDT,0.2581,0.2581,0.0,0.0
2025-07-25T08:17:51.552145,AEVO-USDT,0.1046,0.1046,0.0,0.0
2025-07-25T08:17:51.796553,ACT-USDT,0.0443,0.0443,0.0,0.0
2025-07-25T08:17:51.893902,ACH-USDT,0.02167,0.02167,0.0,0.0
2025-07-25T08:17:51.913540,AIXBT-USDT,0.1402,0.1402,0.0,0.0
2025-07-25T08:17:52.102043,AAVE-USDT,287.92,287.92,0.0,0.0
2025-07-25T08:17:52.145962,A-USDT,0.5606,0.5606,0.0,0.0
2025-07-25T08:17:52.305968,ADA-USDT,0.7992,0.7992,0.0,0.0
2025-07-25T08:17:52.445433,ACE-USDT,0.562,0.562,0.0,0.0
2025-07-25T08:17:52.458905,AI-USDT,0.1312,0.1312,0.0,0.0
2025-07-25T08:17:52.546994,ALGO-USDT,0.2581,0.2581,0.0,0.0
2025-07-25T08:17:52.552246,AEVO-USDT,0.1046,0.1046,0.0,0.0
2025-07-25T08:17:52.796446,ACT-USDT,0.0443,0.0443,0.0,0.0
2025-07-25T08:17:52.912853,AIXBT-USDT,0.1402,0.1402,0.0,0.0
2025-07-25T08:17:53.102131,AAVE-USDT,287.92,287.92,0.0,0.0
2025-07-25T08:17:53.307696,ADA-USDT,0.7992,0.7992,0.0,0.0
2025-07-25T08:17:53.460030,AI-USDT,0.1312,0.1312,0.0,0.0
2025-07-25T08:17:53.547383,ALGO-USDT,0.2581,0.2581,0.0,0.0
2025-07-25T08:17:53.551964,AEVO-USDT,0.1046,0.1046,0.0,0.0
2025-07-25T08:17:53.683896,AGLD-USDT,0.769,0.769,0.0,0.0
2025-07-25T08:17:53.796649,ACT-USDT,0.0443,0.0443,0.0,0.0
2025-07-25T08:17:53.913112,AIXBT-USDT,0.1402,0.1402,0.0,0.0
2025-07-25T08:17:53.936886,ANIME-USDT,0.01864,0.01864,0.0,0.0
2025-07-25T08:17:54.102322,AAVE-USDT,287.92,287.92,0.0,0.0
2025-07-25T08:17:54.306481,ADA-USDT,0.7993,0.7993,0.0,0.0
2025-07-25T08:17:54.445556,ACE-USDT,0.562,0.562,0.0,0.0
2025-07-25T08:17:54.547088,ALGO-USDT,0.2581,0.2581,0.0,0.0
2025-07-25T08:17:54.552034,AEVO-USDT,0.1046,0.1046,0.0,0.0
2025-07-25T08:17:54.683830,AGLD-USDT,0.769,0.769,0.0,0.0
2025-07-25T08:17:54.796516,ACT-USDT,0.0443,0.0443,0.0,0.0
2025-07-25T08:17:54.894433,ACH-USDT,0.02167,0.02167,0.0,0.0
2025-07-25T08:17:54.937264,ANIME-USDT,0.01864,0.01864,0.0,0.0
2025-07-25T08:17:55.102684,AAVE-USDT,287.92,287.92,0.0,0.0
2025-07-25T08:17:55.307833,ADA-USDT,0.7993,0.7993,0.0,0.0
2025-07-25T08:17:55.471327,ALT-USDT,0.03352,0.03352,0.0,0.0
2025-07-25T08:17:55.547200,ALGO-USDT,0.2581,0.2581,0.0,0.0
2025-07-25T08:17:55.551810,AEVO-USDT,0.1047,0.1047,0.0,0.0
2025-07-25T08:17:55.684393,AGLD-USDT,0.769,0.769,0.0,0.0
2025-07-25T08:17:55.796390,ACT-USDT,0.0443,0.0443,0.0,0.0
2025-07-25T08:17:55.893912,ACH-USDT,0.02167,0.02167,0.0,0.0
2025-07-25T08:17:55.913111,AIXBT-USDT,0.1402,0.1402,0.0,0.0
2025-07-25T08:17:55.936952,ANIME-USDT,0.01864,0.01864,0.0,0.0
2025-07-25T08:17:56.100970,AAVE-USDT,287.92,287.92,0.0,0.0
2025-07-25T08:17:56.146556,A-USDT,0.5605,0.5605,0.0,0.0
2025-07-25T08:17:56.307675,ADA-USDT,0.7993,0.7993,0.0,0.0
2025-07-25T08:17:56.459082,AI-USDT,0.1312,0.1312,0.0,0.0
2025-07-25T08:17:56.471302,ALT-USDT,0.03352,0.03352,0.0,0.0
2025-07-25T08:17:56.546938,ALGO-USDT,0.2581,0.2581,0.0,0.0
2025-07-25T08:17:56.551732,AEVO-USDT,0.1047,0.1047,0.0,0.0
2025-07-25T08:17:56.684244,AGLD-USDT,0.769,0.769,0.0,0.0
2025-07-25T08:17:56.796540,ACT-USDT,0.0443,0.0443,0.0,0.0
2025-07-25T08:17:56.893840,ACH-USDT,0.02167,0.02167,0.0,0.0
2025-07-25T08:17:56.913300,AIXBT-USDT,0.1402,0.1402,0.0,0.0
2025-07-25T08:17:56.937179,ANIME-USDT,0.01864,0.01864,0.0,0.0
2025-07-25T08:17:57.101143,AAVE-USDT,287.91,287.91,0.0,0.0
2025-07-25T08:17:57.145877,A-USDT,0.5605,0.5605,0.0,0.0
2025-07-25T08:17:57.236476,1INCH-USDT,0.2738,0.2738,0.0,0.0
2025-07-25T08:17:57.306115,ADA-USDT,0.7993,0.7993,0.0,0.0
2025-07-25T08:17:57.451969,AI-USDT,0.1312,0.1312,0.0,0.0
2025-07-25T08:17:57.471424,ALT-USDT,0.03352,0.03352,0.0,0.0
2025-07-25T08:17:57.549060,ALGO-USDT,0.2581,0.2581,0.0,0.0
2025-07-25T08:17:57.552393,AEVO-USDT,0.1047,0.1047,0.0,0.0
2025-07-25T08:17:57.683895,AGLD-USDT,0.769,0.769,0.0,0.0
2025-07-25T08:17:57.796907,ACT-USDT,0.0443,0.0443,0.0,0.0
2025-07-25T08:17:57.893888,ACH-USDT,0.02167,0.02167,0.0,0.0
2025-07-25T08:17:57.912756,AIXBT-USDT,0.1402,0.1402,0.0,0.0
2025-07-25T08:17:57.937342,ANIME-USDT,0.01865,0.01865,0.0,0.0
2025-07-25T08:17:58.102997,AAVE-USDT,287.93,287.93,0.0,0.0
2025-07-25T08:17:58.146605,A-USDT,0.5605,0.5605,0.0,0.0
2025-07-25T08:17:58.236922,1INCH-USDT,0.2738,0.2738,0.0,0.0
2025-07-25T08:17:58.309407,ADA-USDT,0.7992,0.7992,0.0,0.0
2025-07-25T08:17:58.453468,ACE-USDT,0.562,0.562,0.0,0.0
2025-07-25T08:17:58.469011,AI-USDT,0.1312,0.1312,0.0,0.0
2025-07-25T08:17:58.471624,ALT-USDT,0.03352,0.03352,0.0,0.0
2025-07-25T08:17:58.561927,ALGO-USDT,0.2581,0.2581,0.0,0.0
2025-07-25T08:17:58.563361,AEVO-USDT,0.1047,0.1047,0.0,0.0
2025-07-25T08:17:58.684535,AGLD-USDT,0.769,0.769,0.0,0.0
2025-07-25T08:17:58.797219,ACT-USDT,0.0443,0.0443,0.0,0.0
2025-07-25T08:17:58.894323,ACH-USDT,0.02167,0.02167,0.0,0.0
2025-07-25T08:17:58.913385,AIXBT-USDT,0.1402,0.1402,0.0,0.0
2025-07-25T08:17:58.936924,ANIME-USDT,0.01865,0.01865,0.0,0.0
2025-07-25T08:17:59.101540,AAVE-USDT,287.86,287.86,0.0,0.0
2025-07-25T08:17:59.146162,A-USDT,0.5605,0.5605,0.0,0.0
2025-07-25T08:17:59.311747,ADA-USDT,0.7989,0.7989,0.0,0.0
2025-07-25T08:17:59.446936,ACE-USDT,0.562,0.562,0.0,0.0
2025-07-25T08:17:59.459602,AI-USDT,0.1313,0.1313,0.0,0.0
2025-07-25T08:17:59.471153,ALT-USDT,0.03352,0.03352,0.0,0.0
2025-07-25T08:17:59.547658,ALGO-USDT,0.2581,0.2581,0.0,0.0
2025-07-25T08:17:59.552961,AEVO-USDT,0.1047,0.1047,0.0,0.0
2025-07-25T08:17:59.684308,AGLD-USDT,0.769,0.769,0.0,0.0
2025-07-25T08:17:59.795118,ACT-USDT,0.0442,0.0442,0.0,0.0
2025-07-25T08:17:59.913193,AIXBT-USDT,0.1402,0.1402,0.0,0.0
2025-07-25T08:17:59.937726,ANIME-USDT,0.01865,0.01865,0.0,0.0
2025-07-25T08:18:00.101258,AAVE-USDT,287.86,287.86,0.0,0.0
2025-07-25T08:18:00.148998,A-USDT,0.5605,0.5605,0.0,0.0
2025-07-25T08:18:00.316343,ADA-USDT,0.799,0.799,0.0,0.0
2025-07-25T08:18:00.446206,ACE-USDT,0.562,0.562,0.0,0.0
2025-07-25T08:18:00.472234,ALT-USDT,0.03352,0.03352,0.0,0.0
2025-07-25T08:18:00.546893,ALGO-USDT,0.2581,0.2581,0.0,0.0
2025-07-25T08:18:00.684419,AGLD-USDT,0.769,0.769,0.0,0.0
2025-07-25T08:18:00.912885,AIXBT-USDT,0.1402,0.1402,0.0,0.0
2025-07-25T08:18:00.936752,ANIME-USDT,0.01864,0.01864,0.0,0.0
2025-07-25T08:18:01.102865,AAVE-USDT,287.89,287.89,0.0,0.0
2025-07-25T08:18:01.146034,A-USDT,0.5605,0.5605,0.0,0.0
2025-07-25T08:18:01.236708,1INCH-USDT,0.2738,0.2738,0.0,0.0
2025-07-25T08:18:01.307376,ADA-USDT,0.7991,0.7991,0.0,0.0
2025-07-25T08:18:01.445804,ACE-USDT,0.562,0.562,0.0,0.0
2025-07-25T08:18:01.471199,ALT-USDT,0.03352,0.03352,0.0,0.0
2025-07-25T08:18:01.547856,ALGO-USDT,0.2581,0.2581,0.0,0.0
2025-07-25T08:18:01.553181,AEVO-USDT,0.1047,0.1047,0.0,0.0
2025-07-25T08:18:01.684261,AGLD-USDT,0.769,0.769,0.0,0.0
2025-07-25T08:18:01.797200,ACT-USDT,0.0443,0.0443,0.0,0.0
2025-07-25T08:18:01.894798,ACH-USDT,0.02167,0.02167,0.0,0.0
2025-07-25T08:18:01.923553,AIXBT-USDT,0.1402,0.1402,0.0,0.0
2025-07-25T08:18:01.944224,ANIME-USDT,0.01865,0.01865,0.0,0.0
2025-07-25T08:18:02.103263,AAVE-USDT,288.01,288.01,0.0,0.0
2025-07-25T08:18:02.147167,A-USDT,0.5604,0.5604,0.0,0.0
2025-07-25T08:18:02.237639,1INCH-USDT,0.2738,0.2738,0.0,0.0
2025-07-25T08:18:02.308040,ADA-USDT,0.7993,0.7993,0.0,0.0
2025-07-25T08:18:02.447005,ACE-USDT,0.563,0.563,0.0,0.0
2025-07-25T08:18:02.457127,AI-USDT,0.1313,0.1313,0.0,0.0
2025-07-25T08:18:02.471261,ALT-USDT,0.03352,0.03352,0.0,0.0
2025-07-25T08:18:02.548921,ALGO-USDT,0.2581,0.2581,0.0,0.0
2025-07-25T08:18:02.558167,AEVO-USDT,0.1047,0.1047,0.0,0.0
2025-07-25T08:18:02.683706,AGLD-USDT,0.769,0.769,0.0,0.0
2025-07-25T08:18:02.800771,ACT-USDT,0.0443,0.0443,0.0,0.0
2025-07-25T08:18:02.893955,ACH-USDT,0.02167,0.02167,0.0,0.0
2025-07-25T08:18:02.912855,AIXBT-USDT,0.1403,0.1403,0.0,0.0
2025-07-25T08:18:02.936769,ANIME-USDT,0.01865,0.01865,0.0,0.0
2025-07-25T08:18:03.102468,AAVE-USDT,287.98,287.98,0.0,0.0
2025-07-25T08:18:03.146199,A-USDT,0.5604,0.5604,0.0,0.0
2025-07-25T08:18:03.236458,1INCH-USDT,0.2738,0.2738,0.0,0.0
2025-07-25T08:18:03.307045,ADA-USDT,0.7991,0.7991,0.0,0.0
2025-07-25T08:18:03.445349,ACE-USDT,0.563,0.563,0.0,0.0
2025-07-25T08:18:03.453915,AI-USDT,0.1313,0.1313,0.0,0.0
2025-07-25T08:18:03.471984,ALT-USDT,0.03352,0.03352,0.0,0.0
2025-07-25T08:18:03.547698,ALGO-USDT,0.2581,0.2581,0.0,0.0
2025-07-25T08:18:03.684053,AGLD-USDT,0.769,0.769,0.0,0.0
2025-07-25T08:18:03.796703,ACT-USDT,0.0443,0.0443,0.0,0.0
2025-07-25T08:18:03.913353,AIXBT-USDT,0.1403,0.1403,0.0,0.0
2025-07-25T08:18:03.937133,ANIME-USDT,0.01865,0.01865,0.0,0.0
2025-07-25T08:18:04.102744,AAVE-USDT,287.99,287.99,0.0,0.0
2025-07-25T08:18:04.145962,A-USDT,0.5604,0.5604,0.0,0.0
2025-07-25T08:18:04.236407,1INCH-USDT,0.2738,0.2738,0.0,0.0
2025-07-25T08:18:04.307006,ADA-USDT,0.7991,0.7991,0.0,0.0
2025-07-25T08:18:04.445979,ACE-USDT,0.563,0.563,0.0,0.0
2025-07-25T08:18:04.454708,AI-USDT,0.1313,0.1313,0.0,0.0
2025-07-25T08:18:04.470972,ALT-USDT,0.03352,0.03352,0.0,0.0
2025-07-25T08:18:04.549023,ALGO-USDT,0.2581,0.2581,0.0,0.0
2025-07-25T08:18:04.552028,AEVO-USDT,0.1047,0.1047,0.0,0.0
2025-07-25T08:18:04.683893,AGLD-USDT,0.769,0.769,0.0,0.0
2025-07-25T08:18:04.795739,ACT-USDT,0.0443,0.0443,0.0,0.0
2025-07-25T08:18:04.894034,ACH-USDT,0.02167,0.02167,0.0,0.0
2025-07-25T08:18:04.913483,AIXBT-USDT,0.1403,0.1403,0.0,0.0
2025-07-25T08:18:05.102132,AAVE-USDT,288.11,288.11,0.0,0.0
2025-07-25T08:18:05.146414,A-USDT,0.5604,0.5604,0.0,0.0
2025-07-25T08:18:05.307369,ADA-USDT,0.7991,0.7991,0.0,0.0
2025-07-25T08:18:05.445038,ACE-USDT,0.563,0.563,0.0,0.0
2025-07-25T08:18:05.454151,AI-USDT,0.1313,0.1313,0.0,0.0
2025-07-25T08:18:05.546915,ALGO-USDT,0.2581,0.2581,0.0,0.0
2025-07-25T08:18:05.552014,AEVO-USDT,0.1047,0.1047,0.0,0.0
2025-07-25T08:18:05.913340,AIXBT-USDT,0.1403,0.1403,0.0,0.0
2025-07-25T08:18:05.937821,ANIME-USDT,0.01865,0.01865,0.0,0.0
2025-07-25T08:18:06.102744,AAVE-USDT,288.07,288.07,0.0,0.0
2025-07-25T08:18:06.146128,A-USDT,0.5604,0.5604,0.0,0.0
2025-07-25T08:18:06.309201,ADA-USDT,0.7991,0.7991,0.0,0.0
2025-07-25T08:18:06.446225,ACE-USDT,0.563,0.563,0.0,0.0
2025-07-25T08:18:06.462487,AI-USDT,0.1313,0.1313,0.0,0.0
2025-07-25T08:18:06.470992,ALT-USDT,0.03353,0.03353,0.0,0.0
2025-07-25T08:18:06.546886,ALGO-USDT,0.2581,0.2581,0.0,0.0
2025-07-25T08:18:06.551931,AEVO-USDT,0.1047,0.1047,0.0,0.0
2025-07-25T08:18:06.684175,AGLD-USDT,0.769,0.769,0.0,0.0
2025-07-25T08:18:06.796995,ACT-USDT,0.0443,0.0443,0.0,0.0
2025-07-25T08:18:06.894173,ACH-USDT,0.02167,0.02167,0.0,0.0
2025-07-25T08:18:06.913044,AIXBT-USDT,0.1403,0.1403,0.0,0.0
2025-07-25T08:18:07.101411,AAVE-USDT,288.1,288.1,0.0,0.0
2025-07-25T08:18:07.146455,A-USDT,0.5605,0.5605,0.0,0.0
2025-07-25T08:18:07.234223,1INCH-USDT,0.2738,0.2738,0.0,0.0
2025-07-25T08:18:07.309024,ADA-USDT,0.7991,0.7991,0.0,0.0
2025-07-25T08:18:07.461585,AI-USDT,0.1313,0.1313,0.0,0.0
2025-07-25T08:18:07.546939,ALGO-USDT,0.2581,0.2581,0.0,0.0
2025-07-25T08:18:07.551929,AEVO-USDT,0.1047,0.1047,0.0,0.0
2025-07-25T08:18:07.683745,AGLD-USDT,0.769,0.769,0.0,0.0
2025-07-25T08:18:07.794751,ACT-USDT,0.0443,0.0443,0.0,0.0
2025-07-25T08:18:07.894299,ACH-USDT,0.02167,0.02167,0.0,0.0
2025-07-25T08:18:07.912960,AIXBT-USDT,0.1403,0.1403,0.0,0.0
2025-07-25T08:18:07.937468,ANIME-USDT,0.01865,0.01865,0.0,0.0
2025-07-25T08:18:08.101524,AAVE-USDT,288.15,288.15,0.0,0.0
2025-07-25T08:18:08.146120,A-USDT,0.5605,0.5605,0.0,0.0
2025-07-25T08:18:08.236509,1INCH-USDT,0.2738,0.2738,0.0,0.0
2025-07-25T08:18:08.307479,ADA-USDT,0.7991,0.7991,0.0,0.0
2025-07-25T08:18:08.441677,AI-USDT,0.1313,0.1313,0.0,0.0
2025-07-25T08:18:08.547078,ALGO-USDT,0.2581,0.2581,0.0,0.0
2025-07-25T08:18:08.551811,AEVO-USDT,0.1047,0.1047,0.0,0.0
2025-07-25T08:18:08.684209,AGLD-USDT,0.769,0.769,0.0,0.0
2025-07-25T08:18:08.795995,ACT-USDT,0.0443,0.0443,0.0,0.0
2025-07-25T08:18:08.913447,AIXBT-USDT,0.1403,0.1403,0.0,0.0
2025-07-25T08:18:08.938340,ANIME-USDT,0.01865,0.01865,0.0,0.0
2025-07-25T08:18:09.102379,AAVE-USDT,288.15,288.15,0.0,0.0
2025-07-25T08:18:09.145928,A-USDT,0.5605,0.5605,0.0,0.0
2025-07-25T08:18:09.307926,ADA-USDT,0.799,0.799,0.0,0.0
2025-07-25T08:18:09.460632,AI-USDT,0.1313,0.1313,0.0,0.0
2025-07-25T08:18:09.470916,ALT-USDT,0.03353,0.03353,0.0,0.0
2025-07-25T08:18:09.550252,ALGO-USDT,0.2581,0.2581,0.0,0.0
2025-07-25T08:18:09.553573,AEVO-USDT,0.1047,0.1047,0.0,0.0
2025-07-25T08:18:09.684000,AGLD-USDT,0.769,0.769,0.0,0.0
2025-07-25T08:18:09.799111,ACT-USDT,0.0443,0.0443,0.0,0.0
2025-07-25T08:18:09.896935,ACH-USDT,0.02167,0.02167,0.0,0.0
2025-07-25T08:18:09.916949,AIXBT-USDT,0.1403,0.1403,0.0,0.0
2025-07-25T08:18:09.937397,ANIME-USDT,0.01865,0.01865,0.0,0.0
2025-07-25T08:18:10.103238,AAVE-USDT,288.11,288.11,0.0,0.0
2025-07-25T08:18:10.310887,ADA-USDT,0.7989,0.7989,0.0,0.0
2025-07-25T08:18:10.455007,AI-USDT,0.1313,0.1313,0.0,0.0
2025-07-25T08:18:10.471328,ALT-USDT,0.03353,0.03353,0.0,0.0
2025-07-25T08:18:10.547384,ALGO-USDT,0.2581,0.2581,0.0,0.0
2025-07-25T08:18:10.556292,AEVO-USDT,0.1047,0.1047,0.0,0.0
2025-07-25T08:18:10.913151,AIXBT-USDT,0.1404,0.1404,0.0,0.0
2025-07-25T08:18:10.937204,ANIME-USDT,0.01865,0.01865,0.0,0.0
2025-07-25T08:18:11.101150,AAVE-USDT,288.11,288.11,0.0,0.0
2025-07-25T08:18:11.146994,A-USDT,0.5604,0.5604,0.0,0.0
2025-07-25T08:18:11.309293,ADA-USDT,0.799,0.799,0.0,0.0
2025-07-25T08:18:11.460626,AI-USDT,0.1313,0.1313,0.0,0.0
2025-07-25T08:18:11.472692,ALT-USDT,0.03353,0.03353,0.0,0.0
2025-07-25T08:18:11.548618,ALGO-USDT,0.2581,0.2581,0.0,0.0
2025-07-25T08:18:11.552189,AEVO-USDT,0.1047,0.1047,0.0,0.0
2025-07-25T08:18:11.893955,ACH-USDT,0.02167,0.02167,0.0,0.0
2025-07-25T08:18:11.913756,AIXBT-USDT,0.1403,0.1403,0.0,0.0
2025-07-25T08:18:11.936821,ANIME-USDT,0.01865,0.01865,0.0,0.0
2025-07-25T08:18:12.102196,AAVE-USDT,288.11,288.11,0.0,0.0
2025-07-25T08:18:12.151436,A-USDT,0.5604,0.5604,0.0,0.0
2025-07-25T08:18:12.236723,1INCH-USDT,0.2738,0.2738,0.0,0.0
2025-07-25T08:18:12.305973,ADA-USDT,0.7989,0.7989,0.0,0.0
2025-07-25T08:18:12.471157,ALT-USDT,0.03353,0.03353,0.0,0.0
2025-07-25T08:18:12.547208,ALGO-USDT,0.2581,0.2581,0.0,0.0
2025-07-25T08:18:12.552409,AEVO-USDT,0.1047,0.1047,0.0,0.0
2025-07-25T08:18:12.685356,AGLD-USDT,0.769,0.769,0.0,0.0
2025-07-25T08:18:12.914000,AIXBT-USDT,0.1404,0.1404,0.0,0.0
2025-07-25T08:18:12.937498,ANIME-USDT,0.01865,0.01865,0.0,0.0
2025-07-25T08:18:13.102570,AAVE-USDT,288.1,288.1,0.0,0.0
2025-07-25T08:18:13.234433,1INCH-USDT,0.2738,0.2738,0.0,0.0
2025-07-25T08:18:13.307821,ADA-USDT,0.7988,0.7988,0.0,0.0
2025-07-25T08:18:13.447600,ACE-USDT,0.563,0.563,0.0,0.0
2025-07-25T08:18:13.454868,AI-USDT,0.1313,0.1313,0.0,0.0
2025-07-25T08:18:13.471258,ALT-USDT,0.03353,0.03353,0.0,0.0
2025-07-25T08:18:13.547646,ALGO-USDT,0.258,0.258,0.0,0.0
2025-07-25T08:18:13.552090,AEVO-USDT,0.1047,0.1047,0.0,0.0
2025-07-25T08:18:13.703359,AGLD-USDT,0.769,0.769,0.0,0.0
2025-07-25T08:18:13.797253,ACT-USDT,0.0443,0.0443,0.0,0.0
2025-07-25T08:18:13.893833,ACH-USDT,0.02167,0.02167,0.0,0.0
2025-07-25T08:18:13.913307,AIXBT-USDT,0.1404,0.1404,0.0,0.0
2025-07-25T08:18:13.936728,ANIME-USDT,0.01864,0.01864,0.0,0.0
2025-07-25T08:18:14.102057,AAVE-USDT,288.07,288.07,0.0,0.0
2025-07-25T08:18:14.146122,A-USDT,0.5604,0.5604,0.0,0.0
2025-07-25T08:18:14.237654,1INCH-USDT,0.2738,0.2738,0.0,0.0
2025-07-25T08:18:14.308138,ADA-USDT,0.7986,0.7986,0.0,0.0
2025-07-25T08:18:14.447021,ACE-USDT,0.563,0.563,0.0,0.0
2025-07-25T08:18:14.451083,AI-USDT,0.1312,0.1312,0.0,0.0
2025-07-25T08:18:14.472267,ALT-USDT,0.03352,0.03352,0.0,0.0
2025-07-25T08:18:14.547197,ALGO-USDT,0.258,0.258,0.0,0.0
2025-07-25T08:18:14.552213,AEVO-USDT,0.1047,0.1047,0.0,0.0
2025-07-25T08:18:14.683730,AGLD-USDT,0.769,0.769,0.0,0.0
2025-07-25T08:18:14.799007,ACT-USDT,0.0443,0.0443,0.0,0.0
2025-07-25T08:18:14.916139,AIXBT-USDT,0.1403,0.1403,0.0,0.0
2025-07-25T08:18:14.936814,ANIME-USDT,0.01864,0.01864,0.0,0.0
2025-07-25T08:18:15.104450,AAVE-USDT,288.13,288.13,0.0,0.0
2025-07-25T08:18:15.146398,A-USDT,0.5605,0.5605,0.0,0.0
2025-07-25T08:18:15.236925,1INCH-USDT,0.2738,0.2738,0.0,0.0
2025-07-25T08:18:15.307303,ADA-USDT,0.7988,0.7988,0.0,0.0
2025-07-25T08:18:15.445439,ACE-USDT,0.563,0.563,0.0,0.0
2025-07-25T08:18:15.464067,AI-USDT,0.1312,0.1312,0.0,0.0
2025-07-25T08:18:15.471620,ALT-USDT,0.03353,0.03353,0.0,0.0
2025-07-25T08:18:15.547034,ALGO-USDT,0.258,0.258,0.0,0.0
2025-07-25T08:18:15.551757,AEVO-USDT,0.1047,0.1047,0.0,0.0
2025-07-25T08:18:15.684091,AGLD-USDT,0.769,0.769,0.0,0.0
2025-07-25T08:18:15.801819,ACT-USDT,0.0443,0.0443,0.0,0.0
